course,final_score
AE20202-INTRODUCTION TO FLIGHT VEHICLE CONTROLS ,2.8125
AE21001-INTRODUCTION TO AERODYNAMICS ,9.414915966386555
AE21002-LOW SPEED AERODYNAMICS ,6.3088235294117645
AE21003-DYNAMICS FOR AEROSPACE ENGINEERS ,4.614929785661493
AE21004-INTRODUCTION TO AEROSPACE STRUCTURES ,6.888282025819265
AE21008-INTRODUCTION TO FLIGHT VEHICLE CONTROLS ,7.183827493261456
AE21201-INTRODUCTION TO AERODYNAMICS ,6.441200828157349
AE21202-LOW SPEED AERODYNAMICS ,2.419354838709677
AE21203-DYNAMICS FOR AEROSPACE ENGINEERS ,4.00323275862069
AE21204-INTRODUCTION TO AEROSPACE STRUCTURES ,3.0597014925373127
AE21205-THERMODYNAMICS AND AEROSPACE PROPULSION SYSTEMS ,6.962933118452861
AE29002-AERODYNAMICS LAB-I ,8.157622739018088
AE29004-STRUCTURES LAB -I ,7.817460317460316
AE29202-AERODYNAMICS LABORATORY - I ,4.057971014492753
AE29204-STRUCTURES LABORATORY - I ,4.1
AE31001-THERMODYNAMICS & AEROSPACE PROP.SYSTEM ,7.9435831180017225
AE31002-AEROSPACE STRUCTURAL DYNAMICS ,7.291537667698658
AE31004-AIRCRAFT STABILITY AND CONTROL ,4.993233082706767
AE31006-COMPUTER APPLICATION IN AERO. ENGINEERING ,6.8358358358358355
AE31007-MECHANICS OF FLIGHT ,6.168286445012788
AE31008-THEORY OF JET PROPULSION ,6.645833333333334
AE31009-AEROSPACE STRUCTURAL ANALYSIS ,10.453434122718953
AE31010-VISCOUS FLOW THEORY ,5.840852130325814
AE31103-HIGH SPEED AERODYNAMICS ,7.49998634364843
AE39001-AERODYNAMICS LAB-II ,12.066777357914424
AE39002-SYSTEM LABORATORY ,6.801415094339623
AE39003-STRUCTURES LAB -II ,11.418276102304802
AE39004-PROPULSION LABORATORY ,7.094230769230769
AE39201-INNOVATION LABORATORY I ,3.5303030303030307
AE40004-ADVANCED STRUCTURAL DYNAMICS ,2.857142857142857
AE40005-SPACE DYNAMICS ,5.0
AE40006-COMPOSITE STRUCTURES ,3.0
AE40007-INTRODUCTION TO HELICOPTER ENGINEERING ,4.0
AE40008-AEROELASTICITY ,2.0
AE40009-ROCKET PROPULSION ,3.7
AE40018-INTRODUCTION TO TURBULENCE ,4.919191919191919
AE40019-AUTOMATIC CONTROL OF AIRCRAFT ,6.491228070175438
AE40030-ADVANCED GAS TURBINE THEORY ,8.0
AE40031-COMPUTATIONAL FLUID DYNAMICS ,5.909632571996028
AE40033-FINITE ELEMENT METHODS ,10.972222222222221
AE40034-ADVANCED COMPUTATIONAL FLUID DYNAMICS ,6.75
AE40037-PHYSICS OF FLUID FLOW EXPERIMENTS ,10.666666666666666
AE47006-PROJECT - PART 2 ,3.8095238095238093
AE47007-PROJECT-I ,8.335632183908046
AE48002-COMPREHENSIVE VIVA VOCE ,2.0
AE48003-SUMMER TRAINING ,6.372641509433962
AE49003-AIRCRAFT DESIGN & OPTIMISATION ,7.864988558352403
AE49012-FLIGHT TESTING LABORATORY ,4.642857142857143
AE51003-APPLIED ELASTICITY & PLASTICITY ,7.166666666666667
AE51005-UNSTEADY AERODYNAMICS ,7.657142857142857
AE51007-COMBUSTION PROCESSES IN JET ENGINES ,3.727272727272727
AE51010-EXPERIMENTAL STRESS ANALYSIS ,5.0
AE51016-FRACTURE MECHANICS ,4.0
AE51017-ADVANCED GAS DYNAMICS ,2.5
AE51018-INDUSTRIAL AERODYNAMICS ,3.75
AE51019-SMART STRUCTURES ,7.017857142857142
AE51026-HYPERSONIC AERODYNAMICS ,2.0
AE57003-PROJECT ,4.142857142857142
AE58001-COMPREHENSIVE VIVA VOCE ,2.3157894736842106
AE60006- ,3.375
AE60030- ,3.0
AE61001- ,2.0
AE61002- ,2.0
AE61004- ,2.727272727272727
AE61007- ,8.444444444444445
AG20101-CROP PRODUCTION TECHNOLOGY ,6.324299909665763
AG20103-SOIL TECHNOLOGY ,6.252830188679245
AG20201-SOIL TECHNOLOGY ,6.235252309879176
AG20202-CROP PRODUCTION TECHNOLOGY ,3.15
AG20203-THEORY OF MACHINE ELEMENTS ,6.259837177747626
AG29001-CROP PRODUCTION TECHNOLOGY LAB. ,6.975752508361204
AG29003-SOIL TECHNOLOGY LAB. ,6.492150706436421
AG29004-AGRICULTURAL BIOTECHNOLOGY LAB. ,8.01814058956916
AG29201-SOIL TECHNOLOGY LABORATORY ,7.653691004437274
AG29202-CROP PRODUCTION TECHNOLOGY LABORATORY ,2.9999999999999996
AG29203-AGRICULTURAL BIOTECHNOLOGY LABORATORY ,7.1891891891891895
AG31001-AGRICULTURAL MACHINERY ,7.0837121212121215
AG31002-TRACTOR & POWER SYSTEMS ,7.539271610355419
AG31003-LAND & WATER RESOURCES ENGINEERING ,9.714020283866814
AG31004-IRRIGATION & DRAINAGE ENGINEERING ,6.773191823899371
AG31005-PRINCIPLES OF FOOD ENGINEERING ,8.688077077478923
AG31006-FOOD SCIENCE & TECHNOLOGY ,5.930980799169694
AG31007-THEORY & DESIGN OF MACHINE ELEMENTS ,6.8217592592592595
AG31008-POST HARVEST ENGINEERING ,5.581521739130435
AG31026-ORGANIC FOOD CHAIN MANAGEMENT ,6.700460829493087
AG31201-DESIGN OF FARM MACHINERY ,2.4615384615384617
AG39001-AGRICULTURAL MACHINERY LAB. ,7.435227272727273
AG39002-TRACTOR & POWER SYSTEMS LABORATORY ,6.624242424242424
AG39003-LAND & WATER RESOURCES ENGINEERING LAB. ,11.601401206527747
AG39004-IRRIGATION & DRAINAGE ENGINEERING LABORATORY ,7.2713529856387
AG39005-FOOD ENGINEERING LAB. ,10.740322104018912
AG39006-FOOD SCIENCE & TECHNOLOGY LABORATORY ,6.598452611218568
AG39201-FARM MACHINERY LABORATORY ,3.716417910447761
AG40009-CAD AND SIMULATION OF AGRICULTURAL MACHINERY ,7.0
AG40011-TUBEWELLS AND PUMPS ,6.102220166512488
AG47006-PROJECT - PART 2 ,3.4000000000000004
AG47007-PROJECT-I ,6.841025641025641
AG48002-COMPREHENSIVE VIVA VOCE ,2.333333333333333
AG48003-SUMMER TRAINING ,5.392857142857143
AG57003-PROJECT - PART 3 ,2.8076923076923075
AG58001-COMPREHENSIVE VIVA VOCE ,2.5999999999999996
AG60001- ,3.0
AG60008- ,4.4
AG60062- ,5.5
AG60063- ,3.15
AG60092- ,3.0
AG60096- ,0.5
AG60103- ,2.0
AG60124- ,1.0
AG60127- ,6.1875
AG60129- ,2.0
AG60151- ,3.0
AG60201- ,0.0
AG60203- ,2.333333333333333
AG60209- ,5.888888888888889
AG60301- ,3.25
AG60302- ,2.6666666666666665
AG61693- ,3.333333333333333
AG66001- ,5.0
AG66002- ,5.0
AG69008- ,3.0
AG69011- ,4.0
AG69014- ,3.391304347826087
AI42001-MACHINE LEARNING FOUNDATIONS AND APPLICATIONS ,18.234303976139973
AI58001-COMPREHENSIVE VIVA VOCE ,2.9444444444444446
AI60002- ,6.388613861386139
AI60003- ,12.157327586206897
AI60004- ,15.245173745173744
AI60006- ,3.5192307692307696
AI60007- ,3.153846153846154
AI60008- ,3.380952380952381
AI60201- ,3.1359223300970873
AI61002- ,12.239029892837
AI61003- ,9.569873260910997
AI61004- ,6.315789473684211
AI61005- ,19.56591644706936
AI61006- ,3.666666666666666
AI61009- ,9.241109530583214
AI67001- ,3.470588235294118
AI69002- ,4.027027027027027
AR10301-INTRODUCTION TO ARCHITECTURE ,7.342021276595744
AR10302-HISTORY OF ARCHITECTURE 1 ,7.8848881614839055
AR10304-BUILDING MATERIALS ,7.719114219114219
AR12002-BUILDING MATERIALS ,6.605263157894736
AR12003-INTRODUCTION TO ARCHITECTURE ,5.21111111111111
AR13201-BASIC DESIGN-I ,7.281060606060605
AR13202-BASIC DESIGN-II  AND MODELING ,6.028388278388279
AR13203-DESCRIPTIVE GEOMETRY-I ,6.171717171717171
AR13204-DESCRIPTIVE GEOMETRY-II ,6.6893939393939394
AR13205-GRAPHICS AND VISUAL COMMUNICATION ,5.55984555984556
AR13301-BASIC DESIGN 1 ,8.013829787234043
AR13302-BASIC DESIGN 2 ,6.394598155467721
AR13304-DESCRIPTIVE GEOMETRY 2 ,7.740274599542333
AR13305-GRAPHICS AND VISUAL COMMUNICATION ,6.088849135360763
AR13307-DESCRIPTIVE GEOMETRY 1 ,7.390217391304349
AR20201-HISTORY OF ARCHITECTURE II ,7.558260869565218
AR20202-WATER SUPPLY AND SANITATION ,2.75609756097561
AR20203-ADVANCED BUILDING MATERIALS AND COMPOSITES ,7.049712192569336
AR20205-BUILDING CONSTRUCTION ,5.980783444198078
AR20207-CLIMATOLOGY AND SOLAR ARCHITECTURE ,6.229442208165613
AR22001-ADVANCED BUILDING MATERIALS AND COMPOSITES ,6.870454545454545
AR22003-CLIMATOLOGY & SOLAR ARCHITECTURE ,7.580645161290322
AR22004-WATER SUPPLY AND SANITATION ,4.940092165898617
AR22005-HISTORY OF ARCHITECTURE-I ,7.725
AR22006-HISTORY OF ARCHITECTURE-II ,8.32121212121212
AR22007-ENVIRONMENTAL STUDIES ,6.571428571428571
AR22008-ERGONOMICS AND  PRODUCT DESIGN ,3.5
AR23201-ARCHITECTURAL DESIGN I AND FIELD STUDY ,7.6037878787878785
AR23202-ARCHITECTURAL DESIGN II AND FIELD STUDY ,6.7270471464019845
AR23203-BUILDING CONSTRUCTION - I ,7.63125
AR23204-BUILDING CONSTRUCTION II ,6.883116883116883
"AR23205-PHOTOGRAPHY, ART & ADVANCED VISUAL COMMUNICATION ",7.846969696969698
AR23206-COMPUTER AIDED DESIGN AND SIMULATION ,6.9371212121212125
AR23301-ARCHITECTURAL DESIGN I ,6.648829431438127
AR23302-ARCHITECTURAL DESIGN II ,3.590909090909091
AR23303-COMPUTER AIDED DESIGN AND SIMULATION ,7.968827313211282
AR23304-INDIGENOUS TECHNOLOGIES AND INNOVATIONS WORKSHOP ,3.255813953488372
AR28202-FIELD TRIP I ,3.4893617021276593
AR29201-BUILDING CONSTRUCTION SESSIONAL I ,7.0060060060060065
AR29202-MATERIAL TESTING LABORATORY ,3.857142857142857
AR29204-BUILDING CONSTRUCTION SESSIONAL II ,3.380952380952381
AR30201-DEVELOPMENT OF CONTEMPORARY ARCHITECTURE 1 ,2.923076923076923
"AR30203-SPECIFICATION, ESTIMATION AND COSTING ",2.5897435897435894
AR32001-DEVELOPMENT OF CONTEMPORARY ARCHITECTURE ,6.612500000000001
AR32002-ESTIMATION AND COSTING ,7.262499999999999
AR32003-SPECIFICATION ,7.99090909090909
AR32004-HOUSING AND COMMUNITY PLANNING ,6.793939393939394
AR32008-ENERGY EFFICIENT DESIGN ,7.2834799608993155
AR32201-WORKING DRAWING I ,3.5217391304347827
AR33201-ARCHITECTURAL DESIGN III & FIELD STUDY ,7.054545454545455
AR33202-ARCHITECTURAL DESIGN IV AND FIELD STUDY ,7.5
AR33203-ARCHITECTURAL DETAILING ,7.1812499999999995
AR33204-INTERIOR DESIGN ,7.453787878787878
AR33206-WORKING DRAWING ,6.788825757575758
AR34201-ARCHITECTURAL DESIGN III ,3.1999999999999997
AR40023-BUILDING ACOUSTICS ,6.440789473684211
AR40025-TALL BUILDING AND SERVICES ,2.526315789473684
AR42001-LANDSCAPE DESIGN & SITE PLANNING ,7.656565656565657
AR42005-REAL ESTATE  VALUATION ,3.6842105263157894
AR43201-ARCHITECTURAL DESIGN - V & FIELD STUDY ,6.9561403508771935
AR43203-MATERIAL TESTING LAB ,7.975
AR48008-OFFICE TRAINING ,3.28125
AR48012-CRITICAL APPRAISAL ,3.0322580645161286
AR48014-DOCUMENTATION OF INNOVATIVE DETAILS ,3.15625
AR48016-FIELD OBSERVATION ,3.5
AR48018-SITE SUPERVISION ,2.8928571428571423
AR51013-ENERGY AND ENVIRONMENTAL SYSTEMS FOR GREEN BUILDINGS ,4.8
AR52001-CONSTRUCTION PROJECT MANAGEMENT ,3.9090909090909087
AR52003-PRINCIPLES OF TOWN PLANNING & URBAN DESIGN ,3.0666666666666664
AR52006-BARRIER FREE ENVIRONMENT ,7.428921568627451
AR53201-ARCHITECTURAL DESIGN - VI & FIELD STUDY ,3.25
AR57101-PROJECT - I(THESIS) ,3.625
AT30001-FUNDAMENTALS OF EMBEDDED CONTROL AND SOFTWARE ,13.397490958408678
AT60001- ,12.75
AT60002- ,7.2936507936507935
AT60003- ,12.2
AT60004- ,9.666666666666666
AT60005- ,10.538461538461538
AT60006- ,7.137499999999999
AT60008- ,7.2
AT60201- ,3.333333333333333
AT60203- ,4.0
AT60205- ,3.105263157894737
AT67005- ,13.285714285714285
BM40002-INTRODUCTION TO FINANCIAL MANAGEMENT ,9.939916405433646
BM40004-INTRODUCTION TO HUMAN BEHAVIOUR IN ORGANISATION ,16.3304774535809
BM40006-FINANCIAL RISK MODELING ,7.1
BM40009-MARKETING MANAGEMENT ,2.8421052631578947
BM40012-DERIVATIVES AND RISK MANAGEMENT ,3.71875
BM49002-FINANCIAL ANALYTICS ,8.444444444444445
BM51001-INVESTMENT MANAGEMENT ,11.696969696969695
BM51002-MARKET MICROSTRUCTURE ,1.0
BM59001-MODELING AND SIMULATION OF FINANCIAL SYSTEMS ,6.925925925925926
BM60023- ,12.203133025166924
BM60112- ,8.17051282051282
BM60203- ,2.0
BM63006- ,2.0
BM63015- ,0.0
BM63020- ,5.166666666666666
BM63033- ,2.9999999999999996
BM63059- ,5.166666666666666
BM63083- ,3.0
BM63085- ,3.153846153846154
BM63088- ,5.0
BM63089- ,3.125
BM63097- ,1.0
BM63098- ,3.0
BM70003- ,3.0
BS10003-SCIENCE OF LIVING SYSTEMS ,20.63534367431049
BS20001-SCIENCE OF LIVING SYSTEM ,21.034604567347007
BS41004-ADVANCES IN PROTEIN STRUCTURE AND FUNCTION ,4.5
BS60003- ,11.96923076923077
BS60005- ,9.333333333333332
BS61001- ,3.5
BT20103-MICROBIOLOGY ,6.501970055161544
BT20201-INTRODUCTION TO BIOTECHNOLOGY ,5.903436988543371
BT20202-PLANT TISSUE AND CELL CULTURE ,3.4606741573033712
BT20203-BIOCHEMISTRY ,6.228020875150541
BT20204-CELL AND MOLECULAR BIOLOGY ,2.4912280701754383
BT20205-MICROBIOLOGY ,5.556944444444444
BT20207-BIOCHEMICAL REACTION ENGINEERING AND BIOENERGETICS ,5.87202380952381
BT21002-CELL & MOLECULAR BIOLOGY ,6.230769230769231
BT21101-BIOCHEMISTRY ,6.282051282051283
BT21105-BIOCHEM. REACTION ENGG. AND BIOENERGETICS ,6.753799392097264
BT29001-BIOCHEMISTRY LABORATORY ,7.969551282051283
BT29002-CELL & MOLECULAR BIOLOGY LABORATORY ,7.625
BT29003-MICROBIOLOGY LABORATORY ,7.934523809523809
BT29202-PLANT TISSUE AND CELL CULTURE LABORATORY ,3.0625
BT29203-BIOCHEMISTRY LABORATORY ,7.578305084745764
BT29204-CELL AND MOLECULAR BIOLOGY LABORATORY ,3.489795918367347
BT29205-MICROBIOLOGY LABORATORY ,7.742156862745098
BT29207-BIOCHEMICAL ENGGINEERING LABORATORY ,7.137254901960784
BT30201-BIOPROCESS TECHNOLOGY ,2.5681818181818183
BT31006-BIOINFORMATICS ,6.960683760683761
BT31009-GENETICS ,6.296296296296296
BT31010-PLANT CELL TISSUE CULTURE ,6.855155482815057
BT31011-ENVIRONMENTAL BIOTECHNOLOGY ,6.625603864734299
BT31014-IMMUNOLOGY ,7.379403794037939
BT31201-GENETICS AND GENETIC ENGINEERING ,4.651162790697675
BT39001-ANALYTICAL BIOCHEMISTRY LABORATORY ,7.473601260835302
BT39003-BIOCHEMICAL ENGGINEERING LABORATORY ,7.898148148148149
BT39006-PLANT CELL & TISSUE CULTURE LABORATORY ,8.054373522458627
BT39008-BIOINFORMATICS LABORATORY ,7.62020905923345
BT39201-ANALYTICAL BIOCHEMISTRY LABORATORY ,3.88235294117647
BT40009-BIOPROCESS TECHNOLOGY ,5.957264957264957
BT41012-DOWNSTREAM PROCESSING ,3.882352941176471
BT41014-METABOLIC ENGINEERING ,2.3
BT41022-NEUROPHYSIOLOGY ,3.4800000000000004
BT47005-PROJECT - PART 1 ,4.0
BT47006-PROJECT - PART 2 ,3.8571428571428568
BT47007-PROJECT-I ,7.588235294117647
BT48017-INDUSTRIAL TRAINING ,8.973684210526315
BT48026-COMPREHENSIVE VIVA VOCE ,3.714285714285714
BT49001-ENZYME TECHNOLOGY LABORATORY ,7.5955149501661126
BT57003-THESIS (PROJECT) PART I ,3.777777777777778
BT58001-COMPREHENSIVE VIVA VOCE ,3.473684210526316
BT60003- ,3.4166666666666665
BT60004- ,3.588235294117647
BT60006- ,4.0
BT60007- ,4.0
BT60015- ,2.888888888888889
BT60016- ,3.75
BT61030- ,7.488095238095238
BT63027- ,2.25
BT69007- ,3.578947368421052
CD61002- ,12.0
CD61004- ,9.652272727272727
CD66001- ,4.74
CE13001-ENGINEERING DRAWING AND COMPUTER GRAPHICS ,12.467849732218811
CE13003-ENGINEERING DRAWING AND COMPUTER GRAPHICS ,16.034364677397015
CE20006-WATER RESOURCES ENGG. ,6.393980848153214
CE20101-INTRODUCTION TO CIVIL ENGG. & MATERIALS ,6.625386996904025
CE20103-TRANSPORTATION ENGG. ,6.152748414376321
CE20105-SURVEYING ,6.012735326688816
CE20201-INTRODUCTION TO CIVIL ENGINEERING AND MATERIALS ,11.056669572798606
CE20203-GEOMATICS ,8.184041933605124
CE21003-HYDRAULICS ,7.2984496124031
CE21004-STRUCTURAL ANALYSIS ,6.520959595959596
CE21005-SOLID MECHANICS ,4.162542824514655
CE21201-SOLID MECHANICS ,8.509175906965963
CE21202-STRUCTURAL ANALYSIS ,4.902912621359223
CE21203-HYDRAULICS ,8.167249077848961
CE21204-TRANSPORTATION ENGINEERING ,7.457943925233645
CE21206-ELEMENTARY STRUCTURAL ANALYSIS ,2.466666666666667
CE29002-SURVEYING PEACTICE ,7.902500000000001
CE29003-TRANSPORTATION ENGG. LAB ,7.955426356589147
CE29006-WATER RESOURCES ENGG. LABORATORY ,7.508333333333333
CE29202-GEOMATICS PRACTICE ,7.800000000000001
CE29203-HYDRAULIC AND WATER RESOURCES ENGINEERING LABORATORY ,10.061590436590436
CE29204-TRANSPORTATION ENGINEERING LABORATORY ,7.853211009174312
CE29206-SURVEYING PRACTICE ,3.276595744680851
CE30201-PAVEMENT ENGINEERING ,6.966292134831461
CE30203-GEOTECHNICAL ENGINEERING ,1.7640449438202246
CE30205-WATER AND WASTEWATER ENGINEERING ,5.694736842105263
CE31001-DESIGN OF RC STRUCTURE ,7.559642051161638
CE31002-FOUNDATION ENGINEERING ,3.6787878787878787
CE31003-SOIL MECHANICS ,5.570281124497992
CE31004-DESIGN OF STEEL STRUCTURES ,6.145028957528957
CE31005-WATER AND W.W. ENGINEERING ,6.692307692307692
CE31104-STATISTICAL METHODS IN HYDROLOGY ,7.333333333333333
CE31111-DESIGN OF HYDRAULIC STRUCTURES ,7.111434108527131
CE31216-CONSTRUCTION PLANNING AND MANAGEMENT ,7.068292682926829
CE31302-ENVIRONMENTAL ENGINEERING ,6.055555555555555
CE31306-ENVIRONMENTAL IMPACT ASSESSMENT AND AUDITING ,7.232323232323232
CE31406-GROUND IMPROVEMENT ,2.333333333333333
CE31410-ROCK MECHANICS AND TUNNELLING ,2.6363636363636362
CE32201-MATRIX STRUCTURAL ANALYSIS ,5.553191489361702
CE39004-DESIGN SESSIONAL ,7.707329317269076
CE39006-STRUCTURAL DETAILING ,5.590040086339808
CE39007-CONCRETE LABORATORY ,11.100934579439253
CE39008-CIVIL ENGG. DRAWING AND EST. ,6.561505832449628
CE39009-SOIL MECHANICS LABORATORY ,8.030717054263565
CE39011-W & W.W. ENGINEERING LABORATORY ,9.639993204213388
CE39203-GEOTECHNICAL ENGINEERING LABORATORY ,6.333333333333333
CE41003-STRUCTURAL DYNAMICS & EARTHQUAKE ENGG. ,5.94
CE41028-STRUCTURAL HEALTH MONITORING ,3.384615384615385
CE41601-SOLID WASTE MANAGEMENT ,10.268817204301076
CE41603-HAZARDOUS WASTE MANAGEMENT ,3.458333333333333
CE41627-ADVANCED STRUCTURAL ANALYSIS ,5.875
CE41629-THEORY OF ELASTICITY AND PLASTICITY ,6.366666666666667
CE42002-THEORY OF ELASTIC STABILITY ,2.9999999999999996
CE42006-BEHAVIOUR OF RC STRUCTURES ,2.4285714285714284
CE47006-PROJECT-II ,3.25
CE47007-PROJECT-I ,6.826330532212886
CE48001-INDUSTRIAL TRAINING ,5.450757575757576
CE48003-COMPREHENSIVE VIVA-VOCE ,2.2758620689655173
CE48004-COMPREHENSIVE VIVA-VOCE ,2.625
CE57003-M.TECH PROJECT - I ,3.0571428571428565
CE58003-SEMINAR ,3.25
CE60001- ,4.0
CE60002- ,0.0
CE60005- ,4.0
CE60006- ,2.0
CE60011- ,4.125
CE60012- ,3.875
CE60013- ,6.375
CE60014- ,3.375
CE60016- ,7.226190476190475
CE60021- ,6.944444444444445
CE60022- ,3.647058823529412
CE60023- ,6.794117647058824
CE60028- ,2.7777777777777777
CE60061- ,2.4999999999999996
CE60103- ,3.5
CE60105- ,3.6000000000000005
CE60112- ,2.75
CE60113- ,4.0
CE60115- ,5.666666666666666
CE60124- ,2.6666666666666665
CE60125- ,2.6666666666666665
CE60128- ,3.0
CE60132- ,2.625
CE60135- ,8.703463203463205
CE60136- ,3.0
CE60144- ,3.0
CE60207- ,2.5
CE60213- ,2.9999999999999996
CE60221- ,3.0
CE61003- ,7.25
CE69003- ,3.0
CE69005- ,5.0
CE69007- ,3.125
CE69008- ,3.3846153846153846
CE69013- ,3.388888888888889
CE69019- ,3.625
CE69021- ,5.759989621172808
CE69023- ,7.792929292929292
CH20001-FLUID MECHANICS ,6.557475083056478
CH21004-HEAT TRANSFER ,7.100669536107126
CH21008-CHEMICAL ENGINEERING THERMODYNAMICS ,7.281332744924978
CH21103-CHEMICAL PROCESS CALCULATIONS ,9.520569329660239
CH21201-CHEMICAL ENGINEERING THERMODYNAMICS ,5.931081566654689
CH21202-MASS TRANSFER I ,2.310077519379845
CH21203-CHEMICAL PROCESS CALCULATIONS ,6.4238118569328755
CH21204-HEAT TRANSFER ,2.958677685950414
CH21205-MECHANICAL OPERATIONS ,6.277375201288244
CH21206-REACTION ENGINEERING ,3.8617886178861793
CH21207-FLUID MECHANICS ,6.409897490279251
CH21208-INSTRUMENTATION AND PROCESS CONTROL ,2.3980582524271843
CH29006-FLUID FLOW LABORATORY AND DESIGN ,8.676604554865424
CH29008-FUEL LABORATORY ,8.08592132505176
CH29201-FUEL LABORATORY ,7.6284878048780485
CH29202-FLUID FLOW LABORATORY AND DESIGN ,3.4959349593495936
CH30012-TRANSPORT PHENOMENA ,5.249594287568971
CH30014-CHEMICAL PROCESS TECHNOLOGY ,9.54370882740448
CH30016-COMPUTER AIDED PROCESS ENGINEERING ,6.567290552584669
CH31001-MASS TRANSFER I ,7.295278410941061
CH31007-MECHANICAL OPERATIONS ,7.348662207357859
CH31009-REACTION ENGINEERING ,7.874948240165631
CH31010-MASS TRANSFER II ,9.502923976608187
CH31011-INSTRUMENTATION & PROCESS CONTROL ,6.9226086956521735
CH31203-COMPUTER AIDED PROCESS ENGINEERING ,2.6506024096385543
CH39006-MASS TRANSFER LABORATORY ,7.790318503538929
CH39015-MECHANICAL OPERATIONS & HEAT TRANSFER LABORATORY ,11.901656314699792
CH39020-INSTRUMENTATION AND PROCESS CONTROL LABORATORY ,10.644466050883162
CH39022-PROCESS EQUIPMENT DESIGN-II ,8.201035196687371
CH39023-PROCESS EQUIPMENT DESIGN-I ,12.068711811341714
CH40001-BIOCHEMICAL ENGINEERING ,6.104255319148936
CH42006-COMPUTER METHODS IN CHEM. ENGG. ,7.514285714285714
CH42014-FUEL TECHNOLOGY ,9.75
CH47024-PROJECT-II ,3.631578947368421
CH47025-PROJECT-I ,7.258741258741258
CH48013-INDUSTRIAL TRAINING ,3.4239130434782608
CH48014-COMPREHENSIVE VIVA-VOCE ,2.833333333333333
CH49015-REACTION ENGINEERING LABORATORY ,7.783850931677019
CH49019-COMPUTER AIDED PROCESS ENGINEERING LAB. ,7.080930232558139
CH57003-M.TECH. PROJECT I ,3.105263157894737
CH58001-COMPREHENSIVE VIVA VOCE ,2.9722222222222223
CH60016- ,3.25
CH61011- ,6.0606060606060606
CH61012- ,2.9487179487179485
CH61015- ,2.7586206896551726
CH61016- ,2.6666666666666665
CH61017- ,7.787878787878787
CH62001- ,6.6000000000000005
CH62003- ,2.6666666666666665
CH62007- ,7.75
CH62008- ,3.333333333333333
CH62009- ,6.295454545454545
CH62010- ,3.25
CH62021- ,7.5
CH62039- ,4.0
CH62045- ,2.0
CH62047- ,6.0
CH62049- ,2.75
CH62050- ,5.0
CH62052- ,3.833333333333333
CH70002- ,3.0
CH71002- ,3.0
CL60004- ,2.0
CL60006- ,1.0
CL60008- ,11.483333333333333
CL60019- ,12.45
CL60020- ,2.5999999999999996
CL60028- ,7.833333333333333
CL60030- ,6.5
CL60031- ,3.5
CL60201- ,2.0
CL61012- ,3.0
CL61018- ,4.5
CL61203- ,2.0
CL69203- ,5.0
CR60006- ,3.0
CR61001- ,8.0
CR61003- ,5.0
CR61005- ,1.0
CR61013- ,3.0
CR61014- ,1.0
CR61017- ,0.0
CR61021- ,6.0
CR61023- ,2.8
CR61024- ,4.0
CR61026- ,2.25
CR61036- ,5.0
CS10001-PROGRAMMING AND DATA STRUCTURES ,11.941504892990979
CS10003-PROGAMMING AND DATA STRUCTURES ,13.307963444824455
CS19003-PROGAMMING AND DATA STRUCTURES LABORATORY ,17.784292154791945
CS19101-PROGRAMMING AND DATA STRUCTURES TUTORIAL AND LABORATORY ,13.299659590845025
CS20006-SOFTWARE ENGINEERING ,7.105384261389784
CS20202-SOFTWARE ENGINEERING ,3.734693877551021
CS21001-DISCRETE STRUCTURES ,9.148065476190476
CS21002-SWITCHING CIRCUITS AND LOGIC DESIGN ,7.4598468000988385
CS21003-ALGORITHMS - I ,18.875831549165547
CS21004-FORMAL LANGUAGE AND AUTOMATA THEORY ,6.477595628415301
CS21201-DISCRETE STRUCTURES ,5.855889724310776
CS21202-SWITCHING CIRCUITS AND LOGIC DESIGN ,3.3491124260355027
CS21203-ALGORITHMS - I ,5.924812030075188
CS21204-FORMAL LANGUAGE AND AUTOMATA THEORY ,2.697674418604651
CS29002-SWITCHING CIRCUITS LABORATORY ,7.743133462282398
CS29003-ALGORITHMS LABORATORY ,20.105827876504147
CS29006-SOFTWARE ENGINEERING LABORATORY ,7.601515151515152
CS29202-SOFTWARE ENGINEERING LABORATORY ,3.7619047619047623
CS29203-ALGORITHMS LABORATORY ,5.653075156705766
CS29204-SWITCHING CIRCUITS LABORATORY ,3.7633136094674557
CS29206-SYSTEMS PROGRAMMING LABORATORY ,3.231343283582089
CS30002-OPERATING SYSTEMS ,6.867994100294985
CS31003-COMPILERS ,10.460444964871195
CS31005-ALGORITHMS -II ,8.629078014184397
CS31006-COMPUTER NETWORKS ,6.679370840895341
CS31007-COMPUTER ORGANIZATION & ARCHITECTURE ,10.464777662354305
CS31702-COMPUTER ARCHITECTURE AND OPERATING SYSTEM ,10.398534798534799
CS39001-COMPUTER ORGANIZATION LABORATORY ,12.76272999572101
CS39002-OPERATING SYSTEMS LABORATORY ,8.407407407407408
CS39003-COMPILERS LABORATORY ,12.357730263157894
CS39006-NETWORKS LAB. ,7.869427283352814
CS39008-PROJECT SEMINAR ,8.981861642294714
CS40019-IMAGE PROCESSING ,14.349395898919424
CS40032-PRINCIPLES OF PROGRAMMING LANGUAGES ,8.045454545454545
CS41001-THEORY OF COMPUTATION ,5.954881050041017
CS41103-COMPUTATIONAL COMPLEXITY ,5.0
CS43002-DATABASE MANAGEMENT SYSTEMS ,7.021428571428571
CS43004-COMPUTER GRAPHICS ,4.2
CS47006-PROJECT- PART 2 ,4.333333333333333
CS47007-PROJECT-I ,8.096226415094339
CS48003-SUMMER TRAINING ,9.652439024390244
CS48004-COMPREHENSIVE VIVA ,1.5
CS57003-PROJECT- PART 1 ,4.020833333333333
CS58003-B.TECH. COMPREHENSIVE VIVA ,3.387755102040816
CS59001-DESIGN LABORATORY ,4.08
CS60002- ,3.692307692307692
CS60003- ,4.076923076923077
CS60004- ,6.25
CS60007- ,0.0
CS60009- ,7.75
CS60010- ,7.8100000000000005
CS60012- ,5.0
CS60016- ,5.68
CS60017- ,9.296296296296296
CS60021- ,10.56904761904762
CS60023- ,4.0
CS60025- ,10.900900900900902
CS60027- ,8.7
CS60029- ,7.300000000000001
CS60038- ,8.3025
CS60045- ,10.565038684719536
CS60047- ,8.228571428571428
CS60050- ,23.832625919637806
CS60052- ,3.75
CS60055- ,3.6666666666666665
CS60059- ,5.626262626262626
CS60064- ,8.833333333333334
CS60065- ,10.317307692307693
CS60073- ,6.083333333333333
CS60075- ,24.158501575943436
CS60077- ,7.497354497354497
CS60078- ,9.75
CS60081- ,12.866666666666665
CS60083- ,3.5
CS60088- ,3.6666666666666665
CS60092- ,14.119535964856162
CS60094- ,6.458333333333333
CS60111- ,1.6666666666666665
CS60113- ,0.0
CS61061- ,12.970912128806866
CS61063- ,11.32330827067669
CS61064- ,11.113636363636363
CS61065- ,6.934883720930232
CS66007- ,3.333333333333333
CS66010- ,4.25
CY11001-CHEMISTRY ,12.493812162501628
CY11003-CHEMISTRY ,17.40234749592394
CY19001-CHEMISTRY LAB. ,16.31756284379655
CY19003-CHEMISTRY LABORATORY ,18.943608676009244
CY20101-PHYSICAL CHEMISTRY I ,6.8466819221967965
CY20102-PHYSICAL CHEMISTRY II ,7.683982683982683
CY20103-ORGANIC CHEMISTRY I ,7.182971014492754
CY20105-INORGANIC CHEMISTRY I ,8.273291925465838
CY20106-INORGANIC CHEMISTRY II ,6.109730848861284
CY20202-PHYSICAL CHEMISTRY II ,2.8400000000000003
CY20204-CHEMISTRY OF 3D ELEMENTS ,3.4230769230769234
CY20206-REAGENTS AND REACTIVITY ,3.25
CY21006-ORGANIC CHEMISTRY II ,6.565217391304348
CY21201-PHYSICAL CHEMISTRY I ,4.476851851851851
CY21203-MOLECULAR STRUCTURE AND BONDING ,6.391625615763547
CY21205-FUNDAMENTALS OF ORGANIC REACTIONS ,6.119458128078818
CY29001-PHYSICAL CHEMISTRY LABORATORY I ,7.854545454545454
CY29002-INORGANIC CHEMISTRY LABORATORY I ,7.824275362318841
CY29004-ORGANIC CHEMISTRY LABORATORY I ,8.333333333333332
CY29201-PHYSICAL CHEMISTRY LABORATORY I ,8.0487012987013
CY29202-ORGANIC CHEMISTRY LABORATORY I ,3.476190476190476
CY29204-INORGANIC QUALITATIVE ANALYSIS LABORATORY ,4.0
"CY30201-CHEMISTRY OF MAIN GROUP ELEMENTS: RING, CHAINS, CLUSTERS ",3.6249999999999996
CY31003-ORGANIC CHEMISTRY III ,6.534090909090909
CY31007-INORGANIC CHEMISTRY III ,7.809523809523808
CY31010-STRATEGIES & METHODS IN ORGANIC SYNTHESIS ,7.409090909090909
CY38002-VIVA ,6.032352941176471
CY39001-PHYSICAL CHEMISTRY LABORATORY II ,13.173160173160174
CY39003-ORGANIC CHEMISTRY LABORATORY II ,11.767857142857142
CY39004-INORGANIC CHEMISTRY LABORATORY II ,8.109848484848484
CY40014-INTRODUCTION TO COMPUTATIONAL CHEMISTRY ,7.581818181818182
"CY41005-INORGANIC CHEMISTRY: PRINCIPLE,STRUCTURE & REACTIVITY ",11.51082251082251
CY41007-GROUP THEORY FOR CHEMISTS ,8.51081081081081
CY41009-INTRODUCTION TO QUANTUM CHEMISTRY & SPECTROSCOPY ,11.134199134199134
CY41011-PRINCIPLES OF ORGANIC SYNTHESIS ,7.494720965309201
CY41012-MOLECULAR THERMODYNAMICS & KINETICS ,6.263157894736842
CY41014-PRINCIPLES OF ORGANOMETALLICS & BIOINORGNIC CHEMISTRY ,4.945945945945946
CY41016-ANALYTICAL & ENVIRONMENTAL CHEMISTRY ,8.611756664388242
CY41018-STRUCTURES & FUNCTION OF BIOMOLECULES ,8.866666666666667
CY41201-SPECTROSCOPIC METHODS OF STRUCTURE DETERMINATION ,2.5
"CY41215-INORGANIC CHEMISTRY: PRINCIPLE, STRUCTURE AND REACTIVITY ",3.125
CY49001-ADVANCED INORGANIC CHEMISTRY LABORATORY ,14.911255411255413
CY49006-BIOCHEMICAL TECHNIQUES LABORATORY ,11.053333333333335
CY49008-ADVANCED PHYSICAL CHEMISTRY LAB. ,6.777777777777779
CY49011-ADVANCED ORGANIC CHEMISTRY LABORATORY ,8.166666666666666
CY50033-SOLID STATE CHEMISTRY ,5.608108108108109
CY51003-SPECTROSCOPIC METHODS OF STRUCTURE DETERMINATION ,8.56338028169014
CY57005-PROJECT ,10.283783783783782
CY57006-PROJECT & VIVA ,0.0
CY58003-SEMINAR ,10.377358490566039
CY58005-SUMMER TRAINING & SEMINAR ,3.0
CY58006-COMPREHENSIVE VIVA VOCE ,0.0
CY58010-VIVA VOCE ,7.804347826086957
CY60003- ,5.517857142857142
CY60004- ,4.473684210526316
CY60005- ,6.875
CY60013- ,5.333333333333333
CY60019- ,3.75
CY60023- ,3.627906976744186
CY60101- ,6.558695652173912
CY60103- ,2.8000000000000003
CY61032- ,2.0
CY61038- ,4.0
CY61039- ,5.5
CY61044- ,4.571428571428571
CY61050- ,4.0
CY69101- ,7.766798418972332
CY71002- ,2.0
DY17003-DIY PROJECT ,20.616064034115222
EA10001-EXTRA ACADEMIC ACTIVITY-I ,6.302475234843578
EA10002-EXTRA ACADEMIC ACTIVITY-II ,6.534401419369925
EA10003-EXTRA ACADEMIC ACTIVITY-III ,9.87997639887627
EA10004-EXTRA ACADEMIC ACTIVITY-IV ,6.867553921139422
EA10005-INDUCTION PROGRAM ,0.0
EA10007-EXTRA ACADEMIC ACTIVITY-I ,11.636278368815677
EA10008-EXTRA ACADEMIC ACTIVITY-II ,11.680250132434665
EA10009-EXTRA ACADEMIC ACTIVITY-III ,9.565200061898231
EA10010-EXTRA ACADEMIC ACTIVITY-IV ,6.8675534991324465
EA19003-EXTRA ACADEMIC ACTIVITY-III ,3.0625
EC21004-SIGNALS AND SYSTEMS ,7.040848389630792
EC21005-NETWORK THEORY ,6.403966131907309
EC21006-ELECTROMAGNETIC ENGINEERING ,6.900895140664961
EC21008-ANALOG ELECTRONIC CIRCUITS ,6.610234474017744
EC21101-BASIC ELECTRONICS ,14.782610429175428
EC21103-INTRODUCTION TO ELECTRONICS ,6.777531645569621
EC21107-SEMICONDUCTOR DEVICES ,9.110812133072407
EC21201-BASIC ELECTRONICS ,13.722181516079615
EC21202-DIGITAL ELECTRONIC CIRCUITS ,2.8754448398576518
EC21203-NETWORK THEORY ,6.475040682587853
EC21204-LINEAR ALGEBRA AND OPTIMIZATION MODELS ,2.449612403100775
EC21205-SEMICONDUCTOR DEVICES ,6.982765151515151
EC21206-ELECTROMAGNETIC ENGINEERING ,3.6196319018404908
EC21207-ANALOG ELECTRONIC CIRCUITS ,6.468094324441418
EC21208-SIGNALS AND SYSTEMS ,2.666666666666667
EC29001-BASIC ELECTRONICS LAB. ,16.76183866681783
EC29003-INTRODUCTION TO ELECTRONICS LAB. ,7.813257325402072
EC29004-DEVICES LABORATORY ,7.942898550724637
EC29005-NETWORK THEORY LAB. ,7.337391304347825
EC29008-ANALOG  CIRCUITS LAB. ,7.853608553608554
EC29201-BASIC ELECTRONICS LABORATORY ,15.893374562972067
EC29202-DIGITAL CIRCUITS LABORATORY ,3.7753846153846147
EC29203-NETWORK THEORY LABORATORY ,6.973259493670886
EC29205-DEVICES LABORATORY ,7.52760736196319
EC29207-ANALOG  CIRCUITS LABORATORY ,7.568497136956726
EC31001-ANALOG COMMUNICATION ,7.040895978279314
EC31002-DIGITAL COMMUNICATION ,5.8991228070175445
EC31003-DIGITAL ELECTRONIC CIRCUITS ,6.825149894668611
EC31004-VLSI ENGG. ,7.327290076335878
EC31005-RF & MICROWAVE ENGINEERING ,9.417136230313897
EC31006-MICROCONTROLLER & EMBEDDED SYSTEMS ,6.979705882352941
EC31008-DIGITAL SIGNAL PROCESSING ,6.913167104111986
EC31201-DIGITAL SIGNAL PROCESSING- I ,3.4344827586206894
EC31203-COMMUNICATION-I ,3.0902777777777777
EC31205-ALGORITHMS ,2.952380952380952
EC39001-ANALOG COMMUNICATIONS LAB. ,12.157104718317532
EC39002-DIGITAL COMMUNICATION LABORATORY ,5.92748995777114
EC39003-DIGITAL ELECTRONIC CIRCUITS LAB. ,8.036726456124391
EC39004-VLSI LABORATORY ,6.748216216216217
EC39005-MICROWAVE LABORATORY ,10.26598801856963
EC39006-DSP LABORATORY ,7.33285371702638
EC39201-DSP LABORATORY ,3.875776397515528
EC47003-PROJECT-I ,3.479166666666667
EC47004-PROJECT-II ,3.90625
EC47007-PROJECT-I ,7.625692137320044
EC48001-INDUSTRIAL TRAINING ,7.757575757575758
EC48002-COMPREHENSIVE VIVA-VOCE ,3.0606060606060606
EC49001-MICROCONTROLLER SYSTEMS LABORATORY ,8.040973236009734
EC57003-PROJECT ,3.7419354838709675
EC60002- ,2.5
EC60004- ,7.5
EC60006- ,2.0
EC60007- ,12.183333333333334
EC60011- ,3.466666666666667
EC60013- ,5.630434782608695
EC60016- ,5.0
EC60021- ,6.916666666666666
EC60023- ,3.6666666666666665
EC60042- ,2.5
EC60043- ,5.0
EC60045- ,2.5
EC60052- ,4.0
EC60054- ,3.0
EC60064- ,4.0
EC60085- ,4.0
EC60091- ,8.435897435897434
EC60101- ,6.236363636363636
EC60104- ,5.0
EC60132- ,5.0
EC60201- ,4.2727272727272725
EC60202- ,4.444444444444444
EC60203- ,6.45
EC60204- ,3.4
EC60291- ,7.416666666666666
EC60294- ,3.0
EC60295- ,5.0
EC60296- ,3.333333333333333
EC60297- ,7.9
EC60301- ,1.5
EC60307- ,4.333333333333333
EC60309- ,7.5
EC60501- ,7.055555555555555
EC60502- ,2.714285714285714
EC60503- ,8.474358974358974
EC60504- ,3.892857142857143
EC60601- ,5.0
EC60603- ,4.0
EC61066- ,4.0
EC61201- ,3.6739130434782608
EC61203- ,3.682926829268293
EC61205- ,4.25
EC61207- ,3.5
EC61211- ,3.422222222222222
EC61213- ,4.25
EC61215- ,4.0
EC61405- ,7.133333333333333
EC61409- ,5.333333333333334
EC66001- ,1.2000000000000002
EC69021- ,5.0
EC69023- ,4.0
EC69202- ,4.6
EC69205- ,3.8
EC69209- ,4.5
EC69211- ,9.620000000000001
EC69213- ,5.0
EC69402- ,3.0
EC69502- ,4.265306122448979
EC69504- ,3.9615384615384617
EE11001-ELECTRICAL TECHNOLOGY ,10.819900920230165
EE11003-ELECTRICAL TECHNOLOGY ,16.14529692032667
EE19001-ELECTRICAL TECHNOLOGY LAB. ,13.19815624954145
EE21002-ELECTRICAL MACHINES ,6.659768415865978
EE21004-MEASUREMENTS AND ELECTRONIC INSTRUMENTS ,7.599018003273322
EE21101-SIGNALS & NETWORKS ,6.583333333333334
EE21201-SIGNALS AND SYSTEMS ,6.4851646524004884
EE21202-MEASUREMENT AND ELECTRONIC INSTRUMENTS ,2.3851851851851857
EE21203-NETWORK ANALYSIS ,4.805273263710017
EE21204-CONTROL SYSTEM ENGINEERING ,2.9542483660130716
EE21205-ANALOG ELECTRONIC CIRCUITS ,2.3515625
EE21206-ELECTRICAL MACHINES ,2.0721649484536084
EE29001-SIGNALS & NETWORKS LAB. ,6.575464792856097
EE29002-ELECTRICAL MACHINES LAB. ,7.239495798319329
EE29004-MEASUREMENTS AND ELECTRONIC INSTRUMENTS LAB. ,10.385227272727272
EE29201-SIGNALS AND NETWORKS LABORATORY ,6.771856508875739
EE29202-MEASUREMENT AND ELECTRONIC INSTRUMENTS LABORATORY ,3.487951807228916
EE29206-ELECTRICAL MACHINES LABORATORY ,3.5677966101694913
EE30004-EMBEDDED SYSTEMS ,5.985778926955398
EE30012-ELECTROMAGNETIC THEORY & APPL ,5.390476190476191
EE30024-ILLUMINATION AND ELECTRICAL SERVICES ,10.801190476190476
EE31002-POWER SYSTEMS ,7.1273627362736285
EE31009-CONTROL SYSTEM ENGINEERING ,8.808212662350769
EE31011-POWER ELECTRONICS ,8.654708037060978
EE39002-POWER SYSTEMS LAB. ,6.0670061645671405
EE39004-EMBEDDED SYSTEMS LAB. ,7.511530398322851
EE39006-POWER ELECTRONICS LAB. ,10.872435897435897
EE39009-CONTROL AND INSTRUMENTATION LAB. ,9.998532948532949
EE39201-INSTRUMENTATION SYSTEM DESIGN-1 ,3.3478260869565215
EE39203-DIGITAL SIGNAL PROCESSING LABORATORY ,3.5189873417721516
EE40002-ELECTRIC DRIVES ,2.5161290322580645
EE40013-DIGITAL SIGNAL PROCESSING ,6.569444444444445
EE41001-INDUSTRIAL INSTRUMENTATION ,4.168491484184915
EE41013-DIGITAL SIGNAL PROCESSING ,3.895684803001876
EE47002-PROJECT ,3.6363636363636367
EE47008-PROJECT - PART 2 ,3.7272727272727266
EE47009-PROJECT-I ,7.478571428571428
EE48001-INDUSTRIAL TRAINING ,5.107843137254902
EE48002-COMPREHENSIVE VIVA VOCE ,1.6666666666666667
EE49001-CONTROL AND ELECTRONIC SYSTEM DESIGN ,6.275
EE49004-POWER APPARATUS & SYSTEM DESIGN ,3.0277777777777777
EE57301-PROJECT - PART 3 ,3.5
EE57401-PROJECT - PART 3 ,4.0
EE57501-PROJECT - PART 3 ,2.576923076923077
EE58003-COMPREHENSIVE VIVA - I ,2.6666666666666665
EE60002- ,2.0
EE60003- ,2.0
EE60004- ,2.0
EE60005- ,4.0
EE60006- ,4.0
EE60011- ,8.0
EE60012- ,0.0
EE60013- ,3.0
EE60014- ,2.25
EE60019- ,7.0
EE60020- ,1.3333333333333333
EE60023- ,2.0
EE60024- ,2.0
EE60025- ,1.0
EE60026- ,0.0
EE60030- ,5.0
EE60031- ,4.0
EE60032- ,7.083333333333334
EE60033- ,1.0
EE60034- ,4.0
EE60035- ,2.0
EE60036- ,7.166666666666666
EE60037- ,3.3000000000000003
EE60038- ,3.2857142857142856
EE60039- ,2.305555555555556
EE60043- ,5.45
EE60045- ,2.8000000000000003
EE60053- ,1.0
EE60062- ,2.909090909090909
EE60082- ,6.142857142857142
EE60094- ,4.25
EE60096- ,2.0
EE60098- ,2.5588235294117645
EE60101- ,3.135135135135135
EE60102- ,2.9189189189189193
EE61201- ,5.0
EE61203- ,5.4
EE61209- ,6.571428571428571
EE69001- ,3.625
EE69003- ,4.0
EE69011- ,2.5
EE69014- ,3.3333333333333335
EE69018- ,3.0
EE69019- ,8.447368421052632
EE69021- ,3.0
EE69203- ,2.5
EE69205- ,4.142857142857142
EE69247- ,5.0
EE69249- ,5.0
EG30002-ENERGY CONVERSION PROCESSES ,13.292397660818713
EM21203-MICROECONOMICS I ,2.967213114754098
EM21205-MACROECONOMICS I ,2.6296296296296293
EM29201-ECONOMIC DATA ANALYSIS LABORATORY ,2.8688524590163933
EN19003-ENGINEERING LABORATORY ,16.18403176988539
EP21201-INTRODUCTION TO INNOVATION AND ENTREPRENEURSHIP ,10.687211972658666
EP60002- ,11.625
EP60003- ,11.105401844532278
EP60004- ,8.933333333333334
EP60005- ,12.574681096286456
EP60006- ,7.74
EP60007- ,11.894323671497585
EP60008- ,8.16631130063966
EP60010- ,12.4
EP60018- ,7.543589743589743
EP60020- ,22.723219128732605
EP60021- ,9.670686456400741
EP60022- ,8.712962962962964
EP60025- ,12.107692307692307
EP60029- ,10.877891156462585
EP60038- ,6.5487179487179485
EP60040- ,12.391917742706838
EP60042- ,9.348387096774193
EP60044- ,12.251140619679946
EP60046- ,7.421052631578947
EP60201- ,5.739130434782609
EP61201- ,2.8000000000000003
EP61203- ,3.333333333333333
EP61205- ,3.0
EP67001- ,8.538461538461538
EP67002- ,9.846153846153847
EP67003- ,9.23076923076923
EP67004- ,8.846153846153847
EP67005- ,4.307692307692308
ES60004- ,9.804347826086957
ES60008- ,11.416666666666666
ES60011- ,8.274358974358975
ES61002- ,4.0
ES61007- ,4.0
ES61008- ,4.0
ES61201- ,2.0
ES61207- ,3.0
ES61209- ,2.6666666666666665
ET30002-INTELLIGENT TUTORING SYSTEM ,5.0
ET60002- ,4.090909090909091
ET60003- ,10.534615384615385
ET60004- ,3.5454545454545454
ET60006- ,15.654263565891473
ET60007- ,17.903799019607842
ET60008- ,3.5
ET60010- ,11.166666666666666
ET60012- ,16.21164021164021
ET60017- ,8.0
ET60019- ,5.128205128205129
ET60023- ,13.313076923076924
ET60027- ,8.0
ET60029- ,21.880733421180018
ET61005- ,19.833333333333336
EV10003-ENVIRONMENTAL SCIENCE ,18.267976835935197
EV20001-ENVIRONMENTAL SCIENCE ,22.566365441662988
EX20001-PHYSICS OF SOLID EARTH ,6.158730158730158
EX20201-PHYSICS OF THE SOLID EARTH ,5.7407407407407405
EX28002-FIELD WORK ,3.7
EX28202-FIELD WORK ,3.8333333333333335
EX30004-GEOPHYSICAL FIELD THEORY ,9.65108695652174
EX30008-GEOPHYSICAL SIGNAL PROCESSING ,7.536363636363636
EX31006-GRAVITY & MAGNETIC METHODS OF PROSPECTING ,5.6690476190476184
EX38002-FIELD WORK ,7.183333333333334
EX39006-GRAVITY & MAGNETIC METHODS LAB. ,7.621739130434783
EX40003-EARTHQUAKE SEISMOLOGY ,4.178571428571428
EX40006-GEOPHYSICAL SIGNAL PROCESSING ,3.454545454545454
EX40008-TIME VARYING FIELD AND ELECTROMAGNETIC METHODS ,2.75
EX40009-SEISMOLOGY ,5.366666666666667
EX40010-GRAVITY & MAGNETIC METHODS OF PROSPECTING ,2.8999999999999995
EX40011-STATIONARY FIELD AND ELECTRICAL METHODS ,2.9615384615384617
EX41001-ELECTRICAL METHODS OF  PROSPECTING ,2.991071428571429
EX41002-ELECTROMAGNETIC METHODS OF  PROSPECTING ,2.2777777777777777
EX41003-SEISMIC METHODS OF PROSPECTING ,5.223214285714286
EX41004-NUCLEAR GEOPHYSICS ,4.0
EX41005-EARTH AND PLANETARY SYSTEMS ,4.778688524590164
EX48014-FIELD GEOPHYSICS(SEISMIC METHODS) ,5.0
EX48016-FIELD GEOPHYSICS(ELECT AND ELECTROMAG METHODS) ,4.916666666666667
EX48018-GEOPHYSICAL FIELDWORK - I ,4.9
EX49001-ELECTRICAL METHODS LAB. ,6.957142857142856
EX49002-ELECTROMAGNETIC METHODS LABORATORY ,3.0
EX49003-SEISMIC METHODS LAB. ,5.716666666666667
EX49004-NUCLEAR GEOPHYSICS LABORATORY ,4.0
EX49005-SEISMIC METHODS OF  PROSPECTING LAB. ,4.142857142857143
EX49008-TIME VARYING FIELD AND ELECTROMAGNETIC METHODS LAB ,2.333333333333333
EX49010-GRAVITY & MAGNETIC METHODS OF  PROSPECTING LAB. ,4.291666666666667
EX49011-ELECTRICAL METHODS LAB. ,2.7407407407407405
EX50002-TECTONICS & GEODYNAMICS ,2.714285714285714
EX50017-GEOPHYSICAL INVERSE THEORY ,6.894444444444444
EX51001-BOREHOLE GEOPHYSICS ,3.4102564102564097
EX51003-REMOTE SENSING ,3.511111111111111
EX51007-RADIOMETRIC METHODS OF PROSPECTING ,2.9583333333333335
EX57005-PROJECT ,4.333333333333333
EX57007-PROJECT ,3.0
EX58001-SEMINAR ,3.9583333333333335
EX58003-SUMMER TRAINING/PROJECT/INTERNSHIP ,4.7
EX58004-COMPREHENSIVE VIVA VOCE ,3.227272727272727
EX59003-REMOTE SENSING LAB. ,3.346153846153846
EX59005-BOREHOLE GEOPHYSICS LAB. ,4.0
EX59007-RADIOMETRIC METHODS OF PROSPECTING LAB. ,3.875
FP58001-COMPREHENSIVE VIVA VOCE ,3.4782608695652173
FP67001- ,3.5
GG20002-THERMODYNAMICS OF GEOL. SYSTEMS ,7.071428571428571
GG20003-PALEONTOLOGY AND  STRATIGRAPHY ,6.3852631578947365
GG20004-PETROLOGY ,6.5
GG20005-INTRODUCTION TO EARTH SCIENCE ,5.741666666666667
GG20007-GEOLOGY FOR ENGINEERS ,3.3205128205128203
GG20107-STRUCTURAL GEOLOGY ,6.136904761904761
GG20201-GEOLOGY FOR ENGINEERS ,5.833333333333333
GG20202-STRUCTURAL GEOLOGY ,2.74
GG20203-SEDIMENTOLOGY ,2.0869565217391304
GG20204-PALEONTOLOGY AND  STRATIGRAPHY ,3.0
GG20205-INTRODUCTORY GEOPHYSICS ,2.3636363636363638
GG20206-PETROLOGY ,2.0
GG20208-THERMODYNAMICS OF GEOLOGICAL SYSTEMS ,3.0
GG20211-MINERALOGY ,2.782608695652174
GG21103-PALEONTOLOGY ,7.73625
GG21105-MINERALOGY ,5.061111111111111
GG21109-ENGINEERING & ECONOMIC GEOLOGY ,2.8205128205128207
GG21201-INTRODUCTION TO EARTH SCIENCE ,5.509090909090909
GG21203-PALEONTOLOGY ,7.685714285714286
GG21205-MINERALOGY ,5.325471698113207
GG21207-INTRODUCTION TO EARTH SCIENCE ,2.1538461538461537
GG21211-GEOPHYSICAL FIELD THEORY ,2.5
GG28002-FIELD WORK (3 WEEKS) ,6.901260504201681
GG28202-FIELD WORK ,4.0
GG29002-DETERMINATIVE MINERALOGY LABORATORY ,7.294642857142857
GG29003-PALEONTOLOGY LAB. ,7.568181818181818
GG29005-INTRODUCTION TO EARTH SCIENCE LAB. ,9.028746803069055
GG29007-STRUCTURAL GEOLOGY LAB ,7.1284958427815575
GG29009-GEOLOGY LABORATORY ,7.16781914893617
GG29201-INTRODUCTION TO EARTH SCIENCE LABORATORY ,5.613095238095238
GG29202-STRUCTURAL GEOLOGY LABORATORY ,3.8113207547169816
GG29203-PALEONTOLOGY LABORATORY ,6.470588235294118
GG29204-DETERMINATIVE MINERALOGY LABORATORY ,2.7254901960784315
GG29205-GEOLOGY LABORATORY ,6.6118143459915615
GG29207-SEDIMENTOLOGY LAB ,2.735294117647059
GG29209-INTRODUCTION TO EARTH SCIENCE LAB ,2.4482758620689653
GG30002-STRATIGRAPHY ,5.619047619047619
GG30203-ELECTRICAL METHODS OF PROSPECTING ,1.4999999999999998
GG30205-X-RAY CRYSTALLOGRAPHY ,4.0
GG30207-COMPUTER APPLICATIONS IN GEOPHYSICS ,3.333333333333333
GG30217-ENGINEERING GEOLOGY ,2.5555555555555554
GG31003-MINERAL RESOURCES ,3.0000000000000004
GG31004-SEDIMENTOLOGY ,7.476489028213166
GG31005-MINERAL RESOURCES ,7.803830227743271
GG31006-IGNEOUS PETROLOGY ,6.082313681868744
GG31007-ENGINEERING GEOLOGY ,7.0292580982236155
GG31009-METAMORPHIC PETROLOGY ,7.322751322751323
GG31201-SEISMOLOGY ,0.5
GG38002-FIELD WORK (3 WEEKS) ,6.294117647058824
GG39001-IGNEOUS PETROLOGY LAB. ,7.238244514106583
GG39003-MINERAL RESOURCES LAB. ,7.062669245647968
GG39007-ENGINEERING GEOLOGY LABORATORY ,6.9914529914529915
GG39008-SEDIMENTOLOGY LAB. ,5.442760942760943
GG39009-METAMORPHIC PETROLOGY LAB. ,8.519086021505377
GG39209-ELECTRICAL METHODS LAB. ,2.75
GG39211-ENGINEERING GEOLOGY LAB. ,2.7777777777777777
GG40002-GEOEXPLORATION ,5.409090909090909
GG40004-SEQUENCE STRATIGRAPHY ,2.7901234567901234
GG40006-ENVIRONMENTAL HAZARDS AND MITIGATION ,3.1212121212121207
GG40008-SEDIMENTARY PETROLOGY ,4.594594594594595
GG40009-IGNEOUS PETROGENESIS ,3.2424242424242427
GG40010-REMOTE SENSING & GIS ,4.1803278688524586
GG40012-APPLIED PALEONTOLOGY ,3.9189189189189193
GG40013-PALEOBIOLOGY AND PALEOECOLOGY ,6.2
GG40014-METAMORPHIC PHASE EQUILIBRIA ,3.25
GG40241-LIFE AND MASS EXTINCTIONS ,3.333333333333333
GG41001-GEOCHEMISTRY ,9.411375661375661
GG41005-ORE GEOLOGY ,6.773333333333333
GG41007-ADVANCED STRUCTURAL GEOLOGY ,5.321316614420063
GG41011-GEOPHYSICAL PROSPECTING ,6.002443792766373
GG41013-GEOCHEMISTRY ,3.571428571428571
GG48012-FIELD WORK(STRUCTURAL GEOLOGY) ,4.0
GG48014-FIELD WORK(SEDIMENTARY GEOLOGY) ,4.0
GG48016-FIELD WORK(ELECTRICAL RESISTIVITY SURVEY) ,5.0
GG49001-GEOCHEMISTRY LAB. ,12.394058814748469
GG49005-ORE GEOLOGY LAB. ,7.484848484848484
GG49007-ADVANCED STRUCTURAL GEOLOGY LAB. ,7.562641338760742
GG49008-SEDIMENTARY PETROLOGY LAB. ,5.0
GG49009-IGNEOUS PETROGENESIS LAB ,3.9210526315789473
GG49010-REMOTE SENSING & GIS LAB. ,4.295081967213115
GG49011-GEOPHYSICAL PROSPECTING LAB. ,8.915422885572138
GG49012-APPLIED PALEONTOLOGY LAB. ,4.1891891891891895
GG49013-GEOCHEMISTRY LAB. ,3.9473684210526314
GG49014-METAMORPHIC PHASE EQUILIBRIA LAB. ,3.7027027027027026
GG50003-BASIN ANALYSIS ,4.135135135135135
GG50005-APPLIED MINERALOGY ,3.378378378378379
GG50007-ORE GENESIS ,3.1470588235294117
GG50009-GROUNDWATER & ENGINEERING GEOLOGY ,3.446428571428571
GG50010-APPLIED MICROPALEONTOLOGY ,3.230769230769231
GG50011-BASIN ANALYSIS ,3.5555555555555554
GG50023-MODELING AND SIMULATION OF GEOLOGICAL  PROCESSES ,3.333333333333333
GG52001-MARINE GEOSCIENCES ,4.135135135135136
GG52007-ENERGY RESOURCES ,1.9545454545454546
GG52022-GROUNDWATER GEOLOGY ,7.62962962962963
GG57003-PROJECT ,4.594594594594595
GG57007-PROJECT ,3.4230769230769234
GG58003-SEMINAR ,3.540540540540541
GG58005-SUMMER TRAINING/PROJECT/INTERNSHIP ,4.6521739130434785
GG58006-FIELD WORK (6 WEEKS) ,4.0
GG58020-COMPREHENSIVE VIVA VOCE ,3.294117647058824
GG59007-ORE GENESIS LAB ,4.054054054054054
"GG59009-GROUNDWATER & ENGINEERING GEOLOGY LAB.
 ",3.45
GG59010-APPLIED MICROPALEONTOLOGY LABORATORY ,3.8846153846153855
GG59022-GROUNDWATER GEOLOGY LABORATORY ,3.769230769230769
GG59023-MODELING AND SIMULATION LABORATORY ,2.8095238095238093
GG60201- ,3.5384615384615383
HS13001-ENGLISH FOR COMMUNICATION ,11.97575793221165
HS13003-ENGLISH FOR COMMUNICATION ,16.796772566853477
HS20001-ECONOMICS ,18.515357436680965
HS20002-GENERAL PSYCHOLOGY ,21.97150629960756
HS20003-STATISTICS FOR ECONOMICS ,6.025925925925927
HS20004-POSITIVE PSYCHOLOGY ,17.267494219301447
HS20005-MICRO ECONOMICS-I ,7.426415094339623
HS20006-MICRO ECONOMICS-II ,7.458700209643606
HS20007-MACRO ECONOMICS-I ,6.270440251572326
HS20008-MACRO ECONOMICS-II ,6.593589743589743
HS20009-DEVELOPMENT ECONOMICS ,6.515625
HS20014-ECONOMICS OF SUSTIANABLE DEVELOPMENT ,8.0375
HS20016-ENVIRONMENTAL HUMANITIES ,26.608953492074985
HS20018-SANSKRIT AND HERITAGE ,16.43109720649879
HS20202-ECONOMETRIC ANALYSIS I ,3.911764705882353
HS20204-STATISTICS FOR ECONOMICS ,3.246153846153846
HS21201-ECONOMICS ,9.854053990980109
HS21202-MICROECONOMICS II ,3.515625
HS21203-MICROECONOMICS I ,5.728205128205127
HS21204-MACROECONOMICS II ,3.234375
HS21205-MACROECONOMICS I ,4.76865671641791
HS21206-DEVELOPMENT ECONOMICS ,2.9230769230769234
HS29201-ECONOMIC DATA ANALYSIS LABORATORY ,5.946153846153846
HS29202-ECONOMETRIC ANALYSIS - I LABORATORY ,3.8208955223880596
HS30001-INTRODUCTION TO SOCIOLOGY ,21.24788991837047
HS30002-COMPARATIVE DEVELOPMENT PERSPECTIVE ,7.915471698113207
HS30003-SOCIOLOGY OF ARCHITECTURE ,7.53125
HS30033-ECONOMETRIC ANALYSIS ,3.4782608695652173
HS30034-MANAGERIAL ECONOMICS ,9.5625
HS30036-INTERCULTURAL COMMUNICATION ,11.268315018315018
HS30037-PETROLEUM ECONOMICS AND MANAGEMENT ,14.827816091954023
"HS30040-INDIAN SOCIETY, LITERATURE AND CULTURE ",3.5
HS30041-CONTEMPORARY DRAMA AND THEATRE ,4.09375
HS30047-FRENCH ,3.5
HS30048-GERMAN ,8.438808373590984
HS30050-SOCIO-TECHNICAL INTERVENTIONS FOR AGEING SOCIETIES ,6.3999999999999995
HS30051-INTRODUCTION TO CULTURAL STUDIES ,5.444444444444445
HS30054-SOCIOLOGY OF RESOURCE MANAGEMENT ,13.952337625979844
HS30057-SOCIOLOGY OF ECONOMICS DEVELOPMENT ,18.72222222222222
HS30062-INTERNATIONAL BUSINESS ,12.363636363636363
HS30066-VISUAL COMMUNICATION ,15.493048713738368
HS30068-SYMBOLIC LOGIC ,8.075757575757576
HS30070-INTRODUCTION TO ETHICS ,3.571428571428571
HS30071-APPLIED ORGANISATIONAL PSYCHOLOGY ,11.393939393939394
HS30073-ENVIRONMENTAL SOCIOLOGY ,14.12066822066822
HS30074-SCIENCE AND HUMANISM ,25.670700059247007
HS30075-MODERNISATION AND CREATIVE COMMUNICATION ,10.04102564102564
HS30079-PUBLIC FINANCE AND POLICY ,6.091841491841492
HS30084-ECONOMIC PSYCHOLOGY ,14.25
HS30085-INDIAN ECONOMY ,7.874074074074074
HS30087-ECONOMICS OF GROWTH ,8.32
HS30095-GLOBALISATION AND CULTURE ,5.803571428571429
HS30096-MARKET MICRO STRUCTURE ,7.284722222222221
HS30097-FINANCIAL INSTITUTIONS & MARKETS ,7.616783216783217
HS30201-INDIAN ECONOMY ,3.298507462686567
HS30203-FINANCIAL INSTITUTIONS AND MARKETS ,2.830769230769231
HS30207-ECONOMETRIC ANALYSIS II ,3.3559322033898304
HS31072-ENVIRONMENTAL ECONOMICS ,10.997860962566845
HS31076-INTRODUCTION TO LANGUAGE AND LINGUISTICS ,13.452488687782806
HS31082-MONETARY ECONOMICS ,9.333916083916083
HS31201-PUBLIC FINANCE ,2.890625
HS38002-SEMINAR ,7.471698113207546
HS39203-ECONOMETRIC ANALYSIS II LAB ,3.769230769230769
HS40003-PERSONNEL MANAGEMENT AND INDUSTRIAL RELATIONS ,4.833333333333333
HS40007-ECONOMETRIC ANALYSIS-II ,7.104150943396226
HS40072-SOCIOLOGY OF  SCIENCE ,14.882371602217322
HS40078-INTERNATIONAL TRADE ,8.725490196078432
HS40083-FOOD SECURITY AND POVERTY STUDIES ,5.0
HS40085-LABOUR ECONOMICS ,6.417940199335549
HS40091-DERIVATIVES ,3.5999999999999996
HS40093-INSTITUTIONAL ECONOMICS ,13.727272727272727
HS41002-ECONOMETRIC ANALYSIS I ,7.714016680118375
HS41004-BANKING THEORY AND PRACTICE ,6.673076923076923
HS48001-INDUSTRIAL TRAINING ,3.8400000000000003
HS49002-ECONOMETRIC ANALYSIS I LAB. ,7.706773618538325
HS49009-ECONOMETRIC ANALYSIS II LABORATORY ,7.92566037735849
HS50001-ADVANCED ECONOMIC THEORY ,2.877551020408163
HS50017-EQUITY RESEARCH ,4.0
HS50019-ECONOMIC MODELLING ,7.1063829787234045
HS50024-ECONOMICS OF CLIMATE CHANGE ,3.2093023255813953
HS50025-INTERNATIONAL FINANCE ,2.5
HS51002-FINANCIAL ECONOMETRICS ,3.2777777777777777
HS51604-GERMAN ,13.654486036838977
HS57003-PROJECT & SEMINAR ,3.9000000000000004
HS59001-APPLIED ECONOMETRICS LABORATORY ,3.72
HS60003- ,6.333333333333334
HS60005- ,17.26503759398496
HS60009- ,5.664244940321744
HS60020- ,8.833333333333332
HS60039- ,6.5
HS60042- ,3.4375
HS60044- ,14.194026284348865
HS60063- ,2.8571428571428568
HS60084- ,22.46965811965812
HS60092- ,3.8974358974358974
HS60261- ,3.1967213114754096
HS61080- ,6.9411764705882355
HS62002- ,3.083333333333333
HS66005- ,3.833333333333333
HS69013- ,6.5
HS70006- ,4.666666666666666
ID60017- ,2.0
IE20202-DATA COMMUNICATION ,3.274193548387097
IE30002-INSTRUMENTATION DEVICES-II ,5.68859649122807
IE30006-DATA COMMUNICATION ,6.537037037037038
IE31001-INSTRUMENTATION DEVICES ,8.991452991452991
IE39001-INSTRUMENTATION DEVICES LABORATORY ,9.991041433370661
IE39002-INSTRUMENTATION LABORATORY-II ,6.653508771929824
IE47003-PROJECT ,7.6
IE47006-PROJECT-II ,2.8
IE47007-PROJECT-I ,7.5476190476190474
IE48001-INDUSTRIAL TRAINING ,4.75
IE48002-COMPREHENSIVE VIVA VOCE ,1.0
IE49002-INSTRUMENTATION SYSTEM DESIGN ,7.49375
IE57101-PROJECT - III ,2.0
IE57201-PROJECT - III ,3.0
IE58101-COMPREHENSIVE VIVA - I ,1.75
IM20202-WORK SYSTEM DESIGN ,3.2894736842105265
IM20204-OPERATIONS RESEARCH ,3.0166666666666666
"IM21001-ENGINEERING ECONOMY, COSTING AND ACCOUNTING ",8.166666666666668
IM21002-PRODUCTION DESIGN AND PROCESS PLANNING ,5.870967741935483
IM21003-OPERATIONS RESEARCH-I ,6.914521506257856
IM21006-OPERATIONS RESEARCH-II ,6.732193732193732
IM21008-WORK SYSTEM DESIGN ,7.722873900293255
IM21201-OPERATIONS RESEARCH I ,6.464786998276287
IM21202-MANAGEMENT OF INVENTORY SYSTEMS ,3.4303797468354427
IM21203-ENGINEERING ECONOMY ,8.052298467688209
IM21204-OPERATIONS RESEARCH II ,3.5625000000000004
IM22001-INFORMATION SYSTEMS LAB ,7.120167189132706
IM29006-OPERATIONS RESEARCH LAB. ,8.136363636363637
IM29008-WORK SYSTEM DESIGN LAB. ,8.878787878787879
IM29202-WORK SYSTEM DESIGN LABORATORY ,4.417721518987342
IM29204-OPERATIONS RESEARCH LABORATORY ,4.486842105263158
IM31002-QUALITY ENGINEERING ,6.665937670858392
IM31005-QUALITY DESIGN AND CONTROL ,9.998353096179184
IM31006-SIMULATION ,9.806286186931349
IM31007-PRODUCTION PLANNING AND CONTROL ,8.636363636363637
IM31008-LOGISTICS AND SUPPLY CHAIN MANAGEMENT ,7.571022727272727
IM31010-MANAGEMENT OF INVENTORY SYSTEMS ,6.60983606557377
IM31011-DESIGN FOR MANUFACTURABILITY ,6.0
IM31012-OPTIMISATION AND HEURISTIC METHODS ,6.893653516295025
IM31014-DESIGN FOR ASSEMBLY AND AUTOMATION ,3.0
IM31201-SUPPLY CHAIN MANAGEMENT ,3.1666666666666665
IM31203-PRODUCTION PLANNING AND CONTROL ,3.0694444444444446
IM39003-OPTIMISATION AND HEURISTIC METHODS PROJECT ,6.856410256410257
IM39005-QUALITY DESIGN AND CONTROL LABORATORY ,12.953586497890294
IM39006-SIMULATION LAB. ,8.441025641025641
IM39201-SIMULATION LAB ,4.481012658227848
IM41001-PRODUCT DEVELOPMENT ,7.099798387096774
IM41082-OPERATIONS RESEARCH ,2.6666666666666665
IM47003-PROJECT-I ,6.823667711598746
IM47004-PROJECT-II ,3.466666666666667
IM48001-INDUSTRIAL TRAINING ,3.645161290322581
IM48002-COMPREHENSIVE VIVA VOCE ,2.9999999999999996
IM48003-SUMMER TRAINING ,6.121212121212121
IM49001-PRODUCT DEVELOPMENT PROJECT ,7.446620046620047
IM57003-PROJECT - III ,3.416666666666666
IM58003-COMPREHENSIVEVIVA VOCE ,3.2608695652173916
IM60003- ,3.333333333333333
IM60004- ,2.5
IM60006- ,10.350000000000001
IM60014- ,2.6666666666666665
IM60021- ,4.3
IM60045- ,4.0
IM60051- ,6.5
IM60052- ,3.7777777777777777
IM60054- ,3.357142857142857
IM60059- ,7.133064516129032
IM60061- ,2.0
IM60068- ,3.769230769230769
IM60203- ,2.75
IM60205- ,2.5833333333333335
IM60207- ,2.0
IM60213- ,7.935185185185185
IM61003- ,8.08385093167702
IM61007- ,7.033333333333333
IM61011- ,4.0
IM61020- ,13.214285714285715
IM61026- ,3.8
IM61207- ,2.5
IP60017- ,12.187134502923977
IP60134- ,0.0
IP60162- ,8.586538461538462
IP60202- ,4.5
IP61025- ,5.0
IP63150- ,2.0
KS20201-THEORIES OF LANGUAGE COMPREHENSION: INDIA AND BEYOND ,9.789899580774104
KS20203-PANINIAN GRAMMAR FROM COMPUTATIONAL PERSPECTIVE ,6.353535353535353
KS60001- ,11.43239765237889
MA10001-MATHEMATICS-I ,6.253676627762815
MA10002-MATHEMATICS-II ,6.840649444764158
MA11003-ADVANCED CALCULUS ,8.188378140689354
"MA11004-LINEAR ALGEBRA, NUMERICAL AND COMPLEX ANALYSIS ",6.761932724392915
MA20008-STATISTICAL INFERENCE ,8.425
MA20013-DISCRETE MATHEMATICS ,6.81980198019802
MA20101-TRANSFORM CALCULUS ,6.957157514976997
MA20102-NUMERICAL SOLUTION OF ORDINARY AND PDE ,6.834627329192546
MA20103-PARTIAL DIFFERENTIAL EQUATIONS ,9.815000380326717
MA20104-PROBABILITY & STATISTICS ,9.915375072413077
MA20105-LINEAR ALGEBRA ,6.642857142857143
MA20106-PROBABILITY & STOCHASTIC PROCESSES ,11.471957270377263
MA20107-MATRIX ALGEBRA ,7.128571428571428
MA20201-NUMERICAL SOLUTION OF ORDINARY AND PDE ,6.166666666666667
MA20202-TRANSFORM CALCULUS ,3.7681564245810053
MA20203-THEORY OF PARTIAL DIFFERENTIAL EQUATIONS ,6.328153648698203
MA20204-APPLIED COMPUTATIONAL METHODS ,3.0610687022900764
MA20205-PROBABILITY AND STATISTICS ,5.267177792277796
MA20206-THEORY OF COMPUTATIONS ,3.9875
MA20208-STOCHASTIC PROCESSES AND APPLICATIONS ,4.005263157894737
MA21007-DESIGN & ANALYSIS OF ALGORITHMS ,10.90899001109878
MA21201-REAL ANALYSIS ,5.6339003462291135
MA21202-MODERN ALGEBRA ,3.1458333333333335
MA21203-COMBINATORICS AND GRAPH THEORY ,6.4298362846642165
MA29005-DESIGN & ANALYSIS OF ALGORITHMS LAB. ,11.838888888888889
MA29202-NUMERICAL METHODS LABORATORY ,2.7704918032786883
MA30002-MODERN ALGEBRA ,6.0476190476190474
MA30003-LINEAR ALGEBRA ,10.542480690595184
MA30006-SWITCHING & FINITE AUTOMATA ,6.678571428571429
MA30008-TOPOLOGY ,2.222222222222222
MA30014-OPERATION RESEARCH ,15.236258278145698
MA30110-ADVANCED NUMERICAL TECHNIQUES ,7.327048965697827
MA30207-DESIGN & ANALYSIS OF ALGORITHMS ,3.751445086705202
MA30227-OPTIMIZATION TECHNIQUES ,3.2857142857142856
MA30231-FUNCTIONAL ANALYSIS ,3.207547169811321
MA31005-REAL ANALYSIS ,10.505714285714287
MA31007-MATHEMATICAL METHODS ,10.51361161524501
MA31009-COMPUTER ORGANISATION & ARCHITECTURE ,5.725287356321839
MA31011-OBJECT ORIENTED SYSTEMS DESIGN ,6.320463320463322
MA31020-REGRESSION AND TIME SERIES MODEL ,10.32283015795473
MA32010-FILE ORGANIZATION & DATABASE SYSTEMS ,3.0
MA38002-COMPREHENSIVE VIVA ,6.173076923076923
MA39011-OBJECT ORIENTED SYSTEMS DESIGN LABORATORY ,6.679710144927537
MA39014-OPERATION RESEARCH LABORATORY ,7.651853094080161
MA39110-NUMERICAL TECHNIQUES LABORATORY ,7.161524500907441
MA39203-DESIGN & ANALYSIS OF ALGORITHMS LAB ,4.101851851851851
MA39207-OPTIMIZATION TECHNIQUES LAB ,4.081081081081081
MA40002-INTEGRAL EQUATIONS & VARIATIONAL METHODS ,3.7884615384615383
MA40003-SYSTEMS PROGRAMMING ,9.010923535253227
MA40004-FILE ORGANIZATION AND DATABASE SYSTEMS ,5.756578947368421
MA40007-THEORY OF COMPILER DESIGN ,4.0
MA40011-FLUID MECHANICS ,5.982919254658385
MA40205-THEORY OF ORDINARY DIFFERENTIAL EQUATIONS ,2.3333333333333335
MA41002-MODERN ALGEBRA ,3.7631578947368425
MA41003-LINEAR ALGEBRA ,3.9210526315789473
MA41004-TOPOLOGY ,4.027027027027027
MA41005-ADVANCED NUMERICAL TECHNIQUES ,5.6000000000000005
MA41006-COMPLEX ANALYSIS ,4.297297297297297
MA41007-FUNCTIONAL ANALYSIS ,6.961436170212766
MA41008-PARTIAL DIFFERENTIAL EQUATIONS ,3.6666666666666665
MA41009-PROBABILITY AND STATISTICS ,6.385964912280701
MA41010-NON LINEAR PROGRAMMING ,5.631578947368421
MA41011-THEORY OF OPERATING SYSTEMS ,5.866071428571429
MA41013-SYSTEMS PROGRAMMING ,4.0
MA41017-STOCHASTIC PROCESSES ,6.9107142857142865
MA41021-PROGRAMMING LANGUAGES ,2.888888888888889
MA41022-PARTIAL DIFFERENTIAL EQUATIONS ,2.655172413793103
MA41024-INFORMATION AND CODING THEORY ,4.666666666666666
MA41025-REGRESSION AND TIME SERIES MODEL ,7.538461538461538
MA41031-STOCHASTIC PROCESSES IN FINANCE ,18.107142857142854
MA41101-THEORY OF COMPILER DESIGN ,9.928571428571429
MA41103-FORMAL LANGUAGES AND THEORY OF COMPUTATION ,4.090909090909091
MA41108-STATISTICAL INFERENCE ,3.6
MA41207-MATHEMATICAL ANALYSIS ,3.0
MA49003-SYSTEMS PROGRAMMING LAB. ,6.312815938150461
MA49011-THEORY OF OPERATING SYSTEMS LAB. ,3.0843373493975905
MA49012-VIVA VOCE ,3.0
MA49015-PROGRAMMING  LAB. ,4.509401709401709
MA51002-MEASURE THEORY AND INTEGRATION ,6.364912280701754
MA51003-FLUID MECHANICS ,2.1818181818181817
MA51004-INTEGRAL EQUATIONS AND VARIATIONAL METHODS ,3.0
MA51005-ANALYTICAL MECHANICS ,9.8
MA51108-ADVANCED COMPLEX ANALYSIS ,6.0
MA51109-COMPUTATIONAL STATISTICS ,6.38102808691044
MA51111-NUMBER THEORY ,1.6666666666666665
MA51121-GRAPH THEORY AND ALGORITHMS ,8.619047619047619
MA53028-COMPUTER NETWORKS ,3.5
MA57011-PROJECT - PART I ,3.6037735849056602
MA58005-SEMINAR ,4.054054054054054
MA58007-SUMMER TRAINING ,3.6785714285714284
MA59009-PROJECT ,3.783783783783784
MA60002- ,18.17785069729286
MA60003- ,4.0
MA60004- ,3.0
MA60017- ,2.5
MA60035- ,3.0
MA60036- ,6.0
MA60038- ,6.885714285714286
MA60041- ,3.5
MA60044- ,2.0
MA60049- ,3.0
MA60053- ,4.5
MA60056- ,3.333333333333333
MA60059- ,6.0
MA60061- ,12.5
MA60067- ,6.075757575757576
MA60237- ,3.071428571428571
MA60239- ,4.0
MA60241- ,5.0
MA60247- ,3.0
MA60259- ,2.9733333333333336
MA60261- ,1.1666666666666667
MA60265- ,3.5
MA60269- ,0.0
MA61001- ,2.888888888888889
MA61003- ,3.0
MA61004- ,2.3000000000000003
MA61008- ,12.5
MA61010- ,3.0
MA61011- ,2.0
MA61023- ,3.5
MA61027- ,11.093055555555555
MA61028- ,3.0
MA61031- ,3.1428571428571423
MA61033- ,2.8000000000000003
MA61052- ,2.5
MA61061- ,6.596491228070175
MA66005- ,1.0
MA69201- ,2.96875
MA71002- ,3.0
MA71003- ,7.8999999999999995
ME10001-MECHANICS ,10.499612525005212
ME11003-BASIC ENGINEERING MECHANICS ,14.76110300117011
ME19001-INTRODUCTION TO MANUFACTURING PROCESSES ,15.451579182817518
ME20001-DYNAMICS ,4.583361629881154
ME21004-THERMO-FLUID SCIENCE ,5.946428571428571
ME21008-KINEMATICS  OF MACHINES ,6.479566929133858
ME21101-FLUID MECHANICS ,11.786469344608879
ME21103-MECHANICS OF SOLIDS ,5.824509803921568
ME21201-FLUID MECHANICS ,5.4186331680200555
ME21202-BASIC THERMODYNAMICS ,2.5
ME21203-MECHANICS OF SOLIDS ,4.352517648162481
ME21205-DYNAMICS ,5.354967245221854
ME21207-THERMO-FLUID SCIENCE ,5.830503978779841
ME22002-THERMODYNAMICS ,6.223779854620976
ME22004-DYNAMICS OF MACHINES ,6.587574671445639
ME29002-MECHANISM SESSIONAL ,10.907729935166556
ME29201-INTRODUCTION TO BASIC MANUFACTURING PROCESSES ,7.464067944250871
ME29202-MECHATRONICS LABORATORY ,3.6486486486486487
ME29203-MECHANICS OF SOLIDS LABORATORY ,5.743403057119872
ME29204-WORKSHOP PRACTICE ,3.642857142857143
ME29701-WORKSHOP PROCESS-II ,10.23170653292181
ME30005-HEAT TRANSFER ,10.160644078144077
ME30602-DESIGN OF MACHINE ELEMENTS ,10.071478847949436
ME30604-MACHINES TOOLS AND MACHINING ,8.020728417266188
"ME31007-CASTING, FORMING AND WELDING ",6.499428571428572
ME31013-MECHANICS OF SOLIDS ,6.162565602684333
"ME31201-CASTING, FORMING AND WELDING ",2.603960396039604
ME31203-KINEMATICS AND KINETICS OF MACHINES ,2.526315789473684
"ME39007-CASTING, FORMING AND WELDING LAB. ",8.160139445186175
ME39013-MECHANICS OF SOLIDS LABORATORY ,5.938522370274077
"ME39201-CASTING, FORMING AND WELDING LAB ",3.2607003891050583
ME39602-MACHINE DESIGN PRACTICE ,5.992668621700879
ME39604-MACHINES TOOLS AND MACHINING LAB. ,8.393033154121863
ME39606-THERMO FLUIDS LAB. - I ,6.266722291753581
ME40107-AIR CONDITIONING ,6.802631578947368
ME40111-MODERN METHODS OF MANUFACTURING ,6.510893246187365
ME40601-SYSTEMS & CONTROL ,6.164468468468469
ME40605-APPLIED ELASTICITY ,3.2857142857142856
ME40701-APPLIED THERMO FLUIDS-II ,5.364672364672364
ME41001-APPLIED THERMO-FLUIDS I ,6.506178861788618
ME41613-DESIGN OPTIMISATION ,3.571428571428571
ME47601-PROJECT-I ,5.6440677966101696
ME47602-PROJECT-II ,3.8000000000000003
ME47603-PROJECT-I ,7.419390127170791
ME48602-COMPREHENSIVE VIVA ,3.1842105263157894
ME48701-SUMMER TRAINING ,6.995433789954339
ME49601-THERMO FLUIDS LAB-II ,6.716652858326429
ME49605-DESIGN AND DYNAMICS  LABORATORY ,3.588235294117647
ME57003-DUAL DEGREE PROJECT - PART I ,3.530864197530864
ME58003-COMPREHENSIVE VIVA (UG) ,2.828125
ME60004- ,3.25
ME60006- ,2.844155844155844
ME60012- ,9.340996168582375
ME60014- ,4.375
ME60017- ,3.0625
ME60033- ,8.722222222222221
ME60073- ,8.600000000000001
ME60079- ,3.0
ME60085- ,1.8000000000000003
ME60103- ,3.999999999999999
ME60105- ,6.551724137931035
ME60111- ,4.363636363636363
ME60129- ,4.0
ME60131- ,7.5
ME60133- ,3.05
ME60134- ,3.6666666666666665
ME60135- ,1.5
ME60136- ,4.0
ME60215- ,3.8461538461538467
ME60231- ,4.071428571428571
ME60232- ,3.0
ME60233- ,2.25
ME60234- ,2.7499999999999996
ME60235- ,2.4
ME60236- ,5.0
ME60306- ,3.3647058823529417
ME60309- ,4.666666666666666
ME60310- ,5.2
ME60350- ,3.984126984126984
ME60352- ,4.534883720930233
ME60353- ,9.0
ME60401- ,3.1
ME60403- ,2.0909090909090913
ME60404- ,4.142857142857143
ME60405- ,2.375
ME60407- ,9.681818181818182
ME60408- ,3.571428571428571
ME60413- ,3.3333333333333335
ME60414- ,4.0
ME60416- ,7.5588235294117645
ME60430- ,3.39
ME60432- ,4.25
ME61003- ,6.4603174603174605
ME61011- ,5.0
ME61201- ,4.0
ME61203- ,4.125
ME69008- ,2.0
ME69035- ,3.5833333333333335
ME69601- ,3.5555555555555554
MF30003-ROBOTS AND COMPUTER CONTROLLED MACHINES ,8.086601307189543
MF30604-NON-TRADITIONAL MANUFACTURING PROCESSES ,5.4933829611248965
MF40201-MICRO-ELECTRO-MECHANICAL SYSTEMS (MEMS) ,2.2857142857142856
MF40301-RAPID PROTOTYPING ,1.0
MF40603-COMPUTER INTEGRATED MANUFACTURING ,7.102403343782655
MF41601-SOFT COMPUTING ,15.97944330949949
MF49601-NON TRADITIONAL MANUFACTURING & CIM LAB. ,7.7951318458417855
MI20101-DEVELOPMENT OF MINERAL DEPOSITS ,6.570833333333333
MI20201-DEVELOPMENT OF MINERAL DEPOSITS ,5.376666666666667
MI21002-MINE SURVEYING ,7.062222222222223
MI21007-ELEMENTS OF ROCK MECHANICS ,5.2745098039215685
MI21201-ROCK MECHANICS ,3.933261105092091
MI21202-MINE SURVEYING AND GEOINFORMATICS ,3.9466666666666668
MI29002-MINE SURVEYING LABORATORY ,8.718555714968915
MI29007-ROCK MECHANICS LABORATORY ,6.956241032998566
MI29201-ROCK MECHANICS LABORATORY ,3.5070422535211265
MI29202-MINE SURVEYING LABORATORY ,4.012658227848101
MI30013-MINING MACHINERY ,6.760964912280702
MI30201-UNDERGROUND COAL MINING ,3.292307692307692
MI30205-UNDERGROUND METAL MINING ,2.9852941176470584
MI31001-UNDERGROUND COAL MINING ,7.386217948717949
MI31002-MINE HAZARDS AND RESCUE ,6.9821751485404295
MI31003-UNDERGROUND METAL MINING ,6.086619718309859
MI31004-ECONOMICS OF MINING ENTERPRISES ,6.634920634920634
MI31005-VENTILATION AND CLIMATE CONTROL ,6.293248945147679
MI31007-QUANTITATIVE DECISION MAKING ,6.766447368421053
MI31008-SURFACE MINING ,7.256718924972004
MI31203-MINING MACHINERY AND AUTOMATION ,3.6266666666666665
MI31207-VENTILATION AND CLIMATE CONTROL ,2.967741935483871
MI31211-MATERIAL HANDLING AND MINERAL ENGINEERING ,3.212121212121212
MI38002-FIELD TRIPS ,6.449404761904762
MI39002-MINE HAZARDS AND RESCUE LABORATORY ,6.446666666666667
MI39011-VENTILATION LABORATORY ,7.044343663391282
MI39013-MINING MACHINERY LABORATORY ,8.364992150706435
MI39201-VENTILATION LABORATORY ,3.6103896103896105
MI39203-MINING MACHINERY LABORATORY ,4.051282051282051
MI39205-MINERAL ENGINEERING LABORATORY ,4.1923076923076925
MI40001-ENVIRONMENTAL ENGINEERING ,5.756521739130434
MI40004-MINE SAFETY & LEGISLATION ,3.673469387755102
MI40005-NATURAL GAS ENGINEERING ,1.0
MI40021-APPLIED ROCK ENGINEERING ,6.100603621730382
MI40036-ADVANCED QUANTITATIVE DECISION MAKING ,4.0
MI40042-TUNNELING & UNDERGROUND SPACE TECHNOLOGY ,3.0
MI45008-SAFETY ENGINEERING ,2.7142857142857144
MI47004-PROJECT ,3.5
MI47005-PROJECT-I ,6.813577586206897
MI48001-INDUSTRIAL TRAINING ,6.368421052631579
MI48002-COMPREHENSIVE VIVA-VOCE ,2.7142857142857144
MI49001-SAFETY ENGINEERING LAB. ,3.8571428571428568
MI49003-ENVIRONMENTAL ENGG. LAB. ,4.081632653061225
MI50003-RESCUE AND DISASTER MANAGEMENT ,2.769230769230769
MI50009-OIL AND GAS WELL TESTING AND ENHANCED OIL RECOVERY ,3.142857142857143
MI57001-PROJECT ,3.2702702702702706
MI58001-COMPREHENSIVE VIVA-VOCE ,2.2857142857142856
MI59001-NUMERICAL MODELLING LABORATORY-I ,3.0
MI59003-RESCUE AND DISASTER MANAGEMENT LABORATORY ,4.357142857142857
MI60016- ,3.714285714285714
MI60026- ,2.5555555555555554
MI60031- ,2.2222222222222223
MI60035- ,6.027027027027027
MI60036- ,4.375
MI60037- ,3.375
MI60038- ,4.066666666666666
MI60039- ,5.0
MI60041- ,6.273809523809524
MI60042- ,5.0
MI60045- ,3.033333333333333
MI60047- ,3.3
MI60051- ,2.0
MI60056- ,4.333333333333333
MI60058- ,5.0
MI60078- ,2.5
MI60210- ,3.7619047619047614
MI60215- ,3.128205128205128
MI60218- ,3.5
MI60226- ,2.978723404255319
MI60227- ,3.4
MI60235- ,2.4705882352941173
MI60242- ,4.0
MI61003- ,6.538461538461538
MI62001- ,2.3
MI69203- ,3.7088607594936707
MM40003-VACCINES AND IMMUNITY ,7.153846153846153
MM40005-MICROBIAL GENETICS AND GENETIC ENGINEERING ,4.25
MM40017-BASICS OF RADIOBIOLOGY RADIOPHARMACEUTICAL CHEMISTRY AND IN VITRO DIAGNOSTIC TECHNIQUES ,5.0
MM60003- ,4.0
MM60009- ,10.5
MM61207- ,3.285714285714285
MM61214- ,3.0
MM61228- ,13.733333333333333
MM61313- ,4.0
MM61314- ,3.0
MM61316- ,4.0
MM61317- ,5.0
MM61501- ,10.75
MM61503- ,3.0
MM61509- ,9.0
MM61511- ,7.2
MM61513- ,5.0
MM66005- ,8.0
MM66007- ,5.0
MM72335- ,3.8333333333333335
MM77320- ,4.0
MS31007-MATERIAL SCIENCE ,21.5964858670741
MS41004-POLYMER TECHNOLOGY ,8.194444444444445
MS60009- ,20.327272727272728
MS60030- ,3.333333333333333
MS60032- ,2.9999999999999996
MS60045- ,4.5
MS60047- ,3.0
MS60052- ,0.0
MS60058- ,4.0
MS67103- ,3.0
MT20006-MATERIALS PROCESSING ,5.999248120300751
MT20202-MATERIALS PROCESSING ,2.830769230769231
MT20204-COMPUTER APPLICATIONS IN METALLURGICAL PROCESSES ,2.671232876712329
MT21008-DEFORMATION BEHAVIOUR OF MATERIALS ,6.98932112890923
MT21010-TRANSPORT PHENOMENA IN METALLURGICAL PROCESSES ,5.785247432306256
MT21104-GENETIC ALGORITHMS IN ENGINEERING PROCESS MODELING ,8.553246753246754
MT21105-METALLURGICAL THERMODYNAMICS AND KINETICS ,6.836956521739131
MT21107-INTRODUCTION TO ENGINEERING MATERIALS ,5.803125
MT21201-INTRODUCTION TO ENGINEERING MATERIALS ,4.72633475270226
MT21202-DEFORMATION BEHAVIOUR OF MATERIALS ,3.5789473684210527
MT21203-METALLURGICAL THERMODYNAMICS AND KINETICS ,5.40371819960861
MT21204-TRANSPORT PHENOMENA IN METALLURGICAL PROCESSES ,2.269230769230769
MT29005-METALLURGICAL THERMODYNAMICS AND KINETICS LAB. ,7.142857142857142
MT29006-MATERIALS PROCESSING LAB. ,6.182159624413146
MT29007-INTRODUCTION TO ENGINEERING MATERIALS LAB. ,7.55774647887324
MT29201-INTRODUCTION TO ENGINEERING MATERIALS LABORATORY ,6.679343907714491
MT29202-MATERIALS PROCESSING LABORATORY ,3.6799999999999997
MT29203-METALLURGICAL THERMODYNAMICS AND KINETICS LABORATORY ,7.4031273836765825
MT29204-COMPUTER APPLICATIONS IN METALLURGICAL PROCESSES LABORATORY ,3.263888888888889
MT30001-MATERIALS ENGINEERING ,11.314023027051196
"MT31007-CREEP, FATIGUE AND FRACTURE ",9.75552104899931
MT31009-MECHANICAL WORKING OF MATERIALS ,9.860869565217392
MT31012-MATERIAL CHARACTERIZATION ,7.485714285714286
MT31015-PRINCIPLES OF EXTRACTIVE METALLURGY ,9.092202462380301
MT31017-PHASE TRANSFORMATION AND HEAT TREATMENT OF MATERIALS ,8.580984477124183
MT31022-X-RAY DIFFRACTION & TRANSMISSION ELECTRON MICROSCOPY ,6.661904761904761
MT32008-IRON MAKING & STEELMAKING ,6.764705882352942
MT39004-MATERIALS CHARACTERISATION LAB. ,7.911764705882352
MT39005-HEAT TREATMENT OF MATERIALS LAB. ,10.95436417129781
MT39009-MECHANICAL TESTING AND WORKING LAB. ,11.138634630053394
MT39022-X-RAY DIFFRACTION & TRANSMISSION ELECTRON MICROSCOPY LABORATORY ,6.914285714285715
MT41007-JOINING OF METALS ,3.181818181818182
MT41009-COMPUTER APPLICATIONS IN METALLURGICAL PROCESSES ,6.357971014492754
MT41011-PHYSICS OF MATERIALS ,7.192307692307693
MT41013-CORROSION & ENVIRONMENTAL DEGRADATION OF MATERIALS ,7.37589928057554
MT41019-CASTING & SOLIDIFICATION ,5.754385964912281
MT41023-COMPOSITE MATERIALS ,6.199999999999999
MT41025-NON DESTRUCTIVE TESTING ,4.0
MT41027-DESIGN & SELECTION OF MATERIALS ,7.229813664596273
MT41028-ATOMISTIC MODELLING OF MATERIALS ,4.333333333333333
MT41031-EXTRACTIVE METALLURGY OF NON-FERROUS METALS ,3.1428571428571423
MT41034-METALLURGICAL FAILURE ANALYSIS ,5.0
MT41037-POWDER METALLURGY ,6.875
MT41112-SURFACE ENGINEERING ,5.0
MT47002-PROJECT-II ,3.8
MT47003-PROJECT-I ,8.411111111111111
MT48001-INDUSTRIAL TRAINING ,4.375
MT48002-COMPREHENSIVE VIVA-VOCE ,3.333333333333333
MT48003-SUMMER TRAINING ,6.9393939393939394
MT49009-COMPUTER APPLICATIONS IN METALLURGICAL PROCESSES LABORATORY ,7.304545454545455
MT57003-PROJECT III ,3.5999999999999996
MT58001-COMPREHENSIVE VIVA VOCE ,3.0769230769230775
MT60005- ,3.0909090909090913
MT60006- ,3.916666666666667
MT60007- ,6.261904761904761
MT60008- ,2.6
MT60009- ,5.0
MT60134- ,2.0
MT60139- ,2.6666666666666665
MT60148- ,4.666666666666666
MT60150- ,3.333333333333333
MT60201- ,4.333333333333333
MT61123- ,0.0
MT61136- ,5.0
MT61138- ,4.0
MT61141- ,2.9166666666666665
MT61143- ,5.0
MT61151- ,4.82051282051282
MT66003- ,2.6666666666666665
NA20201-MECHANICS OF DEFORMABLE BODIES ,5.865828092243186
NA20202-MARINE HYDRODYNAMICS ,3.377358490566038
NA20203-HYDROSTATICS AND STABILITY ,6.977075098814229
NA20204-SHIP CONSTRUCTION AND PRODUCTION ,3.1886792452830193
NA21001-MARINE HYDRODYNAMICS ,6.815563725490196
NA21003-MARINE CONSTRUCTION AND WELDING ,6.5763027295285355
NA21004-SHIP STRENGTH ,8.008846280447662
NA21101-HYDROSTATICS AND STABILITY ,7.558933002481389
NA29002-LINES PLAN AND HYDROSTATICS LABORATORY ,6.3335459183673475
NA29202-HYDROSTATICS LABORATORY ,3.04
NA29204-LINESPLAN LABORATORY ,3.2857142857142856
NA30201-PROPULSION ,3.1063829787234045
NA30203-RESISTANCE ,2.0952380952380953
NA31001-ELEMENTS OF OCEAN ENGINEERING ,9.655994623655914
NA31002-MARINE DESIGN ,6.575255102040816
NA31003-MARINE PRODUCTION AND PLANNING ,8.235294117647058
NA31004-CAD-CAM MARINE DESIGN & PRODUCTION ,9.211764705882352
NA31005-RESISTANCE AND PROPULSION ,6.754654255319149
NA31006-SEAKEEPING & MANEUVERING ,5.727272727272727
NA31007-VIBRATION OF FLOATING STRUCTURES ,5.746256895193065
NA39004-CAD-CAM LAB. ,7.150735294117648
NA39006-MARINE DESIGN LABORATORY - I ,7.565563725490197
NA39009-STRUCTURAL DESIGN & COMPUTATION LAB ,6.812217194570135
NA39011-HYDRODYNAMICS LABORATORY ,11.687782805429864
NA39201-OCEAN ENGINEERING LAB ,3.3157894736842106
NA40010-OFFSHORE TECHNOLOGY ,0.0
NA40020-COMPUTATIONAL MARINE HYDRODYNAMICS ,7.2727272727272725
NA47004-PROJECT-II ,4.0
NA47005-PROJECT-I ,7.5911330049261085
NA48001-INDUSTRIAL TRAINING ,5.1020408163265305
NA48002-COMPREHENSIVE VIVA ,2.740740740740741
NA49005-MARINE STRUCTURAL LABORATORY ,7.06447453255964
NA49007-MARINE DESIGN LABORATORY - II ,7.010909090909092
NA57003-PROJECT ,3.583333333333333
NA59007-DESIGN LABORATORY ,3.0952380952380953
NA60003- ,1.0
NA60014- ,7.157142857142857
NA60021- ,4.0
NA60022- ,2.333333333333333
NA60038- ,5.15
NA60045- ,11.61111111111111
NA60048- ,6.6
NA60052- ,3.8
NA60060- ,5.571428571428571
NA61001- ,6.361111111111111
NA61005- ,1.8571428571428572
NT70002- ,7.325757575757576
PE40001-PETROLEUM ENGINEERING FUNDAMENTALS ,7.4
PE40002-HYDROCARBON PRODUCTION ENGINEERING ,4.2
PE57001-PROJECT ,4.2
PE60001- ,8.6
PE60002- ,4.2
PE60003- ,4.6
PE69001- ,4.6
PE69003- ,5.0
PH11001-PHYSICS ,12.087798284378792
PH11003-PHYSICS OF WAVES ,15.770300555214988
PH19001-PHYSICS LAB. ,15.947612373280212
PH19003-PHYSICS LABORATORY ,19.803407868218898
PH20003-PHYSICS-II ,6.775910364145658
PH20007-CLASSICAL MECHANICS-I ,6.953781512605042
PH20101-FLUID MECHANICS AND ELASTICITY ,11.461538461538462
PH20202-MATHEMATICAL METHODS I ,3.441176470588235
PH21001-ELECTRODYNAMICS-I ,5.247204968944098
PH21004-THERMAL PHYSICS ,8.182555780933063
PH21201-CLASSICAL DYNAMICS AND SPECIAL RELATIVITY ,5.048648648648649
PH21202-THERMAL PHYSICS ,3.861111111111111
PH21203-ELECTROMAGNETISM ,4.699233716475096
PH21204-OPTICS ,2.5625
PH21205-CLASSICAL DYNAMICS AND SPECIAL RELATIVITY ,2.676470588235294
PH21206-QUANTUM PHYSICS ,9.4125
PH21209-ELECTROMAGNETISM ,2.3870967741935485
PH29001-GENERAL PROPERTIES & THERMAL PHYSICS LAB ,8.226166328600407
PH29008-ELECTROMAGNETISM & OPTICS LAB - I ,8.39014778325123
PH29201-GENERAL PROPERTIES OF MATTER LABORATORY ,8.053030303030303
PH29202-THERMAL PHYSICS LABORATORY ,3.424242424242424
PH29203-ELECTROMAGNETISM LABORATORY ,7.914285714285715
PH29204-OPTICS LABORATORY ,4.166666666666666
PH29205-GENERAL PROPERTIES OF MATTER LAB ,3.8947368421052633
PH29207-ELECTROMAGNETISM LAB ,4.384615384615384
PH30201-COMPUTATIONAL PHYSICS ,3.1714285714285713
PH30207-MATHEMATICS FOR PHYSICS II ,2.5
PH31003-ELECTRODYNAMICS-II ,6.652037617554859
PH31007-CLASSICAL MECHANICS-II ,7.804761904761904
PH31009-ELECTRONICS FOR PHYSICISTS ,10.397306397306398
PH31011-QUANTUM MECHANICS I ,6.015686274509804
PH31013-MATHEMATICAL METHODS I ,6.424568965517242
PH31201-QUANTUM MECHANICS ,2.5555555555555554
PH31205-ELECTRODYNAMICS ,1.7692307692307692
PH31207-CLASSICAL MECHANICS ,3.0606060606060606
PH38002-COMPREHENSIVE VIVA VOCE - I ,6.378472222222221
PH39003-ELECTRONICS LAB. ,8.309523809523808
PH39005-ELECTROMAGNETISM & OPTICS LAB - II ,8.390476190476189
PH39008-ELECTROMAGNETISM & OPTICS LAB - III ,7.6952380952380945
PH39201-MODERN PHYSICS LAB ,4.0
PH39209-COMPUTATIONAL PHYSICS LAB ,4.088235294117647
PH40008-PHYSICS OF RADIATION GENERATORS ,4.5
PH40023-ELECTRODYNAMICS ,8.39622641509434
PH40027-CLASSICAL MECHANICS ,6.0181818181818185
PH41004-OPTICS ,5.545454545454546
PH41008-MATHEMATICAL METHODS -II ,7.130131362889983
PH41009-ORDER AND CHAOS ,2.7391304347826084
PH41010-QUANTUM MECHANICS-II ,5.81711229946524
PH41011-QUANTUM MECHANICS I ,6.448717948717949
PH41012-COMPUTATIONAL METHODS ,7.081947261663286
PH41013-MATHEMATICAL METHODS I ,4.722222222222222
PH41014-CONDENSED MATTER PHYSICS-I ,6.8087021755438855
PH41015-ELECTRONICS FOR PHYSICISTS ,5.944444444444445
PH41016-NUCLEAR AND PARTICLE PHYSICS -I ,5.964220518437386
PH41017-CONDENSED MATTER PHYSICS-II ,4.903754627181385
PH41019-NUCLEAR AND PARTICLE PHYSICS -II ,5.245210727969349
PH41023-STATISTICAL PHYSICS-I ,6.625376344086021
PH49001-CONDENSED MATTER PHYSICS LAB-I ,8.361344537815127
PH49005-ELECTROMAGNETISM & OPTICS LAB. A ,5.787878787878787
PH49006-ELECTROMAGNETISM & OPTICS LAB. B ,7.019607843137255
PH49007-ELECTRONICS LAB. ,5.314465408805031
PH49009-CONDENSED MATTER PHYSICS LAB-I ,6.12
PH49012-COMPUTATIONAL PHYSICS LAB. ,7.596176821983274
PH49014-CONDENSED MATTER PHYSICS LAB-II ,4.833333333333334
PH49016-NUCLEAR & PARTICLE PHYSICS LAB I ,7.867005813953488
PH49019-NUCLEAR AND PARTICLE PHYSICS LAB-II ,7.816133720930233
PH49025-PROJECT PART I ,4.020833333333334
PH51001-EXPERIMENTAL METHODS ,2.916666666666667
PH51023-STATISTICAL PHYSICS-II ,2.3333333333333335
PH52002-ATOMIC AND MOLECULAR PHYSICS ,3.96551724137931
PH52005-ORDER & CHAOS ,1.0
PH57001-PROJECT PART-I ,2.9999999999999996
PH57004-PROJECT PART II ,0.0
PH58033-SUMMER TRAINING ,2.962962962962963
PH58036-INTRODUCTION TO ASTRONOMY & ASTROPHYSICS ,3.2727272727272725
PH58044-COMPREHENSIVE VIVA VOCE-I ,5.045454545454545
PH58045-SEMINAR ,6.950980392156863
PH58050-COMPREHENSIVE VIVA I ,2.0
PH59008-MODERN PHYSICS LAB. ,3.878787878787879
PH59010-CONDENSED MATTER PHYSICS LAB-II ,5.0
PH60030- ,4.0
PH60032- ,3.0
PH60033- ,3.3333333333333335
PH60034- ,6.25
PH60035- ,1.7692307692307694
PH60042- ,2.5
PH60044- ,3.0
PH60046- ,4.0
PH60058- ,4.333333333333333
PH60105- ,2.25
PH60109- ,4.5
PH60116- ,4.4
PH60303- ,5.3090909090909095
PH60305- ,2.230769230769231
PH60307- ,4.0
PH60308- ,7.055555555555555
PH60309- ,6.6
PH60406- ,3.2
PH60411- ,3.0
PH61007- ,5.818181818181818
PH61009- ,4.611111111111111
PH61010- ,3.8333333333333335
PH61014- ,4.0
RD30002-TRANSFER AND MANAGEMENT OF RURAL TECHNOLOGY ,20.266666666666666
RD30005-FUNDAMENTALS OF RURAL INNOVATION AND MANAGEMENT ,23.425252525252525
RD30011-RURAL INFRASTRUCTURE DEVELOPMENT AND MANAGEMENT ,3.7407407407407405
RD61003- ,2.9999999999999996
RE20001-INTRODUCTION TO RELIABILITY ENGINEERING ,12.0
RE60011- ,0.0
RE60024- ,4.0
RT30018-RUBBER PROCESS ENGINEERING ,6.363636363636363
RT30019-SCI AND TECH. RUBBER & RUBBER LIKE MATERIALS ,9.119747899159664
RX60011- ,17.819793269458117
RX60012- ,16.275520421607375
RX60014- ,9.5
RX60017- ,10.44006148440931
RX60018- ,4.75
RX60019- ,16.96144144144144
RX60021- ,11.353973168214655
RX61002- ,13.619318181818182
RX76001- ,3.75
SE60002- ,10.784229885057472
SE66001- ,3.0
TE30002-INTRODUCTION TO WIRELESS COMMUNICATIONS ,21.19679487179487
TE60001- ,4.0
TE60003- ,7.866666666666667
TE60008- ,1.0
TE60114- ,6.5
TE61002- ,6.433333333333334
TE61003- ,6.75
TE67001- ,4.0
TS62002- ,4.0
TS66003- ,0.0
TS70006- ,6.0
WM60005- ,4.333333333333333
subject subjec,0.0
